{
    "Costs": [
        1.608669150413555,
        1.2960889744613806,
        1.3876307293590502,
        1.4551578552131637,
        1.5354031593301674,
        1.544305232744551,
        1.541465406350212,
        1.5014185647816203,
        1.405908516148683,
        1.373586139864396,
        1.2813778794437727,
        1.2270510322719619,
        1.1982958920984181,
        1.1972951265438079,
        1.2231204939473508,
        1.2798772042058637,
        1.3756476767814523,
        1.4116433598067644,
        1.532588652178451,
        1.5485687953696128,
        1.6109503345106475,
        1.5715097128284083,
        1.5390143813911554,
        1.4535943729141512,
        1.3854733559820098
    ],
    "FractionCostByRes": {
        "Edge": [
            0.7474985580544404,
            0.8645285024621314,
            0.8098448044109994,
            0.8095424539049274,
            0.7775995132228124,
            0.7738758111581779,
            0.7750151301630488,
            0.7895989463413564,
            0.7978424493715612,
            0.8184772489969638,
            0.8741166595060129,
            0.9094804939297145,
            0.9300649483197212,
            0.9307962868993831,
            0.91223556129589,
            0.8750930639942229,
            0.8172769922311562,
            0.7942522337899504,
            0.7788377681614093,
            0.7723225402649113,
            0.7463942169600912,
            0.7604753526315088,
            0.7760343434561259,
            0.8104097607381163,
            0.8113208326729964
        ],
        "FaaS": [
            0.0,
            0.08155027037333618,
            0.05353850388559643,
            0.06853018838235517,
            0.0628010116042488,
            0.03580036698800719,
            0.034559060468717914,
            0.04841658995496395,
            0.0655408589250345,
            0.07382211395648823,
            0.05179013310431335,
            0.07626915212880929,
            0.06993505168027878,
            0.06920371310061683,
            0.07351408476263363,
            0.09975584670776008,
            0.07502237072229576,
            0.06913107450664535,
            0.061504432886137314,
            0.011780376731505249,
            0.010721525426203532,
            0.012096789463565042,
            0.06444055724590658,
            0.06766288154916608,
            0.05206247562359947
        ],
        "VM": [
            0.2525014419455596,
            0.05392122716453248,
            0.1366166917034043,
            0.12192735771271752,
            0.1595994751729389,
            0.19032382185381497,
            0.19042580936823336,
            0.16198446370367972,
            0.1366166917034043,
            0.10770063704654798,
            0.0740932073896738,
            0.014250353941476354,
            0.0,
            0.0,
            0.014250353941476354,
            0.025151089298016988,
            0.10770063704654798,
            0.1366166917034043,
            0.1596577989524534,
            0.2158970830035834,
            0.24288425761370522,
            0.22742785790492626,
            0.15952509929796754,
            0.12192735771271752,
            0.1366166917034043
        ]
    },
    "GlobalConstraints": {
        "p1": {
            "response_time": [
                0.0,
                2.8542586063697986,
                3.1380576738309105,
                4.158639039718948,
                6.340171551205801,
                7.9769307836479415,
                8.560760293542616,
                5.543137602684651,
                5.080809838517819,
                2.852565648374114,
                2.375879772205016,
                2.4836268432643336,
                2.6787500785830507,
                2.7254929459520545,
                2.3518149342648274,
                2.521677298481005,
                2.9022647131304167,
                4.785356416695983,
                5.413185530333219,
                9.076186003011035,
                9.371930355472504,
                9.732183748457825,
                8.765424785489127,
                4.076558909316645,
                2.9048353531446347
            ]
        },
        "p2": {
            "response_time": [
                0.0,
                4.091231504346748,
                4.881473623562313,
                5.055185968158609,
                7.712544169086131,
                10.005456498363404,
                9.748995516573233,
                7.093445666600355,
                6.85700727005621,
                4.131306672650934,
                3.531915056975887,
                3.5759889412525454,
                3.3635720889102485,
                3.4101474943675543,
                3.440399348970879,
                3.9565436485029344,
                4.205629676063571,
                6.835959001758553,
                6.556168525245603,
                10.381759245544355,
                11.519929875747685,
                9.412935293094948,
                9.616776103406197,
                5.134146535763482,
                4.575274570034682
            ]
        },
        "p3": {
            "response_time": [
                0.0,
                3.188810519059985,
                3.553379485603412,
                4.366974942350344,
                6.061597157680939,
                9.13544007364963,
                6.68518407313515,
                5.243602211259592,
                4.406312335054947,
                3.0150909189452735,
                2.577219920490877,
                2.590420207017682,
                2.7844138778337744,
                2.8271550445419265,
                2.473094005389223,
                2.7313728713702763,
                3.0780311663493,
                5.0829880416735325,
                4.957874046582146,
                7.869615539294955,
                7.554478698019747,
                7.799820184112063,
                7.664483256268406,
                4.356129721260196,
                3.2883431024006717
            ]
        }
    },
    "NumberActiveResources": {
        "Edge": [
            2.1,
            2.0,
            2.0,
            2.1,
            2.1,
            2.1,
            2.1,
            2.1,
            2.0,
            2.0,
            2.0,
            2.0,
            2.0,
            2.0,
            2.0,
            2.0,
            2.0,
            2.0,
            2.1,
            2.1,
            2.1,
            2.1,
            2.1,
            2.1,
            2.0
        ],
        "FaaS": [
            0.0,
            0.9,
            0.6,
            0.6,
            0.5,
            0.4,
            0.4,
            0.4,
            0.6,
            0.7,
            0.8,
            1.1,
            1.3,
            1.3,
            1.1,
            1.0,
            0.7,
            0.6,
            0.5,
            0.1,
            0.1,
            0.1,
            0.5,
            0.6,
            0.6
        ],
        "VM": [
            1.2,
            0.3,
            0.6,
            0.6,
            0.8,
            0.9,
            0.9,
            0.8,
            0.6,
            0.5,
            0.4,
            0.1,
            0.0,
            0.0,
            0.1,
            0.2,
            0.5,
            0.6,
            0.8,
            1.0,
            1.2,
            1.1,
            0.8,
            0.6,
            0.6
        ]
    },