{
    "Costs": [
        2.95849883160278,
        1.3090776902894736,
        1.3912250457796391,
        1.71789644406443,
        2.123994646390395,
        2.2747774701532,
        2.2420304389465096,
        1.9480327943730131,
        1.451737651294847,
        1.3710246710235399,
        1.29973033216169,
        1.2472074218579696,
        1.2164582387464447,
        1.215523281954301,
        1.242655829015639,
        1.2984049972701617,
        1.3727263478867744,
        1.553133083912492,
        2.1520590379552766,
        2.3503933316041,
        2.611865512384111,
        2.3594645454755767,
        2.0974169225665515,
        1.70588610082453,
        1.3841630954985884
    ],
    "FractionCostByRes": {
        "Edge": [
            0.6725254585137501,
            0.8500875485659337,
            0.8055218650585857,
            0.8113165048235033,
            0.7660314904244605,
            0.7714562791762337,
            0.7486557535201046,
            0.7710147364135269,
            0.7739379016350008,
            0.8191070969584343,
            0.8553432455656628,
            0.8820524453269512,
            0.8986129245353502,
            0.8991506624707215,
            0.8843757964921386,
            0.8560797010179529,
            0.8183070787639117,
            0.7804695927470285,
            0.7503351825787773,
            0.7454740834494152,
            0.71570499528519,
            0.743217370343645,
            0.7700516235098651,
            0.8172576945540913,
            0.8079975462838099
        ],
        "FaaS": [
            0.03194571208078721,
            0.025405543302158395,
            0.01046032353402351,
            0.04875882281536065,
            0.07010315921961716,
            0.05776940269044156,
            0.049599896520977106,
            0.016851869878095997,
            0.012557964907038015,
            0.05638599490965773,
            0.05994532059434533,
            0.07356852587384216,
            0.05700804666544297,
            0.056470308730071764,
            0.07124517470865475,
            0.05920886514205507,
            0.057186013104180346,
            0.050355502679447925,
            0.061925788204404794,
            0.04921276503538323,
            0.08065286508925154,
            0.0670485913906803,
            0.04380834581996824,
            0.0420574394240131,
            0.050619422683274795
        ],
        "VM": [
            0.2955288294054627,
            0.12450690813190794,
            0.18401781140739085,
            0.13992467236113612,
            0.16386535035592223,
            0.1707743181333247,
            0.2017443499589182,
            0.21213339370837708,
            0.21350413345796135,
            0.12450690813190794,
            0.08471143383999197,
            0.04437902879920669,
            0.04437902879920669,
            0.04437902879920669,
            0.04437902879920669,
            0.08471143383999197,
            0.12450690813190794,
            0.1691749045735234,
            0.1877390292168179,
            0.20531315151520152,
            0.20364213962555838,
            0.18973403826567478,
            0.1861400306701665,
            0.14068486602189562,
            0.14138303103291533
        ]
    },
    "GlobalConstraints": {
        "p1": {
            "response_time": [
                0.0,
                5.335194298811266,
                8.006718285329374,
                8.638161684222919,
                9.074295481321665,
                7.820099213880711,
                7.516928319811629,
                8.665044829517944,
                9.840847206214224,
                5.663668865969844,
                5.69884278424316,
                4.1441695402567245,
                3.7408150944914182,
                3.768751956188338,
                4.024405948980074,
                5.451544717094757,
                6.093161810129383,
                9.214533067018206,
                8.919128352926622,
                10.086263427397057,
                9.242145471745994,
                9.703431323318295,
                9.400040285661197,
                8.9737289273188,
                7.890217178032843
            ]
        },
        "p2": {
            "response_time": [
                0.0,
                6.183052244794281,
                8.606575456470251,
                9.433306136588772,
                9.116802021601952,
                8.39852950871267,
                7.314008133983142,
                9.974931899229068,
                8.930816363176358,
                7.175355455346766,
                5.893934882321202,
                3.696850637662338,
                3.614140031928894,
                3.3102032964341626,
                3.984842730004356,
                4.823158127961337,
                7.218545106972381,
                8.768572851233229,
                8.237305978567438,
                9.55646251487452,
                8.943450303265548,
                9.448684389854616,
                9.605803393231115,
                9.108943288332407,
                8.203187257152802
            ]
        },
        "p3": {
            "response_time": [
                0.0,
                5.46626326331055,
                9.19815573559549,
                10.423010720535164,
                9.086671244832646,
                8.236616913883426,
                6.939824905060453,
                8.990720024311317,
                9.539180343764823,
                7.285724397593976,
                5.180893287542183,
                3.866729677127597,
                3.4694194474625855,
                3.4833146419771146,
                3.766669502787191,
                5.02052117642626,
                7.715878920243855,
                9.754668521511054,
                8.61626143621833,
                8.967102870334324,
                9.248237404800237,
                8.97498630315091,
                10.462676578518733,
                9.556257963541043,
                8.881016501432493
            ]
        },
        "p4": {
            "response_time": [
                0.0,
                6.951754016693305,
                8.620505658487087,
                10.418269151723146,
                9.082145172140622,
                8.31093997304087,
                8.150553955416283,
                10.117862195057093,
                11.14693034779341,
                6.894947819033343,
                6.669313786485027,
                4.535774337895834,
                4.3618212868376345,
                4.1015257373844625,
                4.749612207286246,
                5.663296437930624,
                7.575959697308318,
                9.356426208996309,
                9.680903253788085,
                10.4531636468373,
                10.246495488038875,
                10.140218737117062,
                9.787471890481054,
                10.686033383873445,
                8.198027131216586
            ]
        }
    },
    "NumberActiveResources": {
        "Edge": [
            3.0,
            2.2,
            2.1,
            2.6,
            2.8,
            3.0,
            3.0,
            2.9,
            2.3,
            2.1,
            2.1,
            2.1,
            2.1,
            2.1,
            2.1,
            2.1,
            2.2,
            2.4,
            2.9,
            3.0,
            3.0,
            3.0,
            2.8,
            2.6,
            2.1
        ],
        "FaaS": [
            0.5,
            0.7,
            0.3,
            1.2,
            1.1,
            1.0,
            0.9,
            0.5,
            0.3,
            0.9,
            1.4,
            1.6,
            1.6,
            1.6,
            1.6,
            1.4,
            0.9,
            0.6,
            1.0,
            0.9,
            0.7,
            0.8,
            0.8,
            1.0,
            0.6
        ],