{
  "Lambda": 1.8,
  "components": {
    "c1": {
      "s2": {
        "h2": {
          "computationallayer1": {
            "Drone1": {
              "description": "No description",
              "cost": 4.574862587589149,
              "memory": 327680.0,
              "number": 1
            }
          },
          "response_time": 0.14629062798334735
        },
        "h3": {
          "computationallayer1": {
            "Drone1": {
              "description": "No description",
              "cost": 4.574862587589149,
              "memory": 327680.0,
              "number": 1
            }
          },
          "response_time": 0.14660365713923143
        },
        "h4": {
          "computationallayer1": {
            "Drone1": {
              "description": "No description",
              "cost": 4.574862587589149,
              "memory": 327680.0,
              "number": 1
            }
          },
          "response_time": 0.14877554206655538
        },
        "h5": {
          "computationallayer1": {
            "Drone1": {
              "description": "No description",
              "cost": 4.574862587589149,
              "memory": 327680.0,
              "number": 1
            }
          },
          "response_time": 0.1555904501262712
        }
      },
      "response_time": 0.4173764061064511,
      "response_time_threshold": 93.00503457891601
    },
    "c2": {
      "s3": {
        "h4": {
          "computationallayer3": {
            "EN8": {
              "description": "No description",
              "cost": 6.5485171863888425,
              "memory": 327680.0,
              "number": 1
            }
          },
          "response_time": 0.8712488046121312
        },
        "h5": {
          "computationallayer1": {
            "Drone1": {
              "description": "No description",
              "cost": 4.574862587589149,
              "memory": 327680.0,
              "number": 1
            }
          },
          "response_time": 1.6617406880324959
        },
        "h6": {
          "computationallayer1": {
            "Drone1": {
              "description": "No description",
              "cost": 4.574862587589149,
              "memory": 327680.0,
              "number": 1
            }
          },
          "response_time": 1.6340945504170838
        },
        "h7": {
          "computationallayer1": {
            "Drone1": {
              "description": "No description",
              "cost": 4.574862587589149,
              "memory": 327680.0,
              "number": 1
            }
          },
          "response_time": 1.789259990404078
        }
      },
      "response_time": 0.9795997400962018,
      "response_time_threshold": 76.75090776888601
    },
    "c3": {
      "s1": {
        "h1": {
          "computationallayer1": {
            "Drone1": {
              "description": "No description",
              "cost": 4.574862587589149,
              "memory": 327680.0,
              "number": 1
            }
          },
          "response_time": 6.3439192474551955
        }
      },
      "response_time": 6.3439192474551955,
      "response_time_threshold": "inf"
    },
    "c4": {
      "s2": {
        "h2": {
          "computationallayer3": {
            "EN8": {
              "description": "No description",
              "cost": 6.5485171863888425,
              "memory": 327680.0,
              "number": 1
            }
          },
          "response_time": 1.167896220866672
        },
        "h3": {
          "computationallayer3": {
            "EN8": {
              "description": "No description",
              "cost": 6.5485171863888425,
              "memory": 327680.0,
              "number": 1
            }
          },
          "response_time": 1.110924634695531
        },
        "h4": {
          "computationallayer2": {
            "EN4": {
              "description": "No description",
              "cost": 6.067348409005696,
              "memory": 327680.0,
              "number": 1
            }
          },
          "response_time": 3.7541314118566533
        }
      },
      "response_time": 2.0547688219578215,
      "response_time_threshold": "inf"
    },
    "c5": {
      "s1": {
        "h1": {
          "computationallayer2": {
            "EN4": {
              "description": "No description",
              "cost": 6.067348409005696,
              "memory": 327680.0,
              "number": 1
            }
          },
          "response_time": 6.497970173999016
        }
      },
      "response_time": 6.497970173999016,
      "response_time_threshold": "inf"
    },
    "c6": {
      "s1": {
        "h1": {
          "computationallayer2": {
            "EN4": {
              "description": "No description",
              "cost": 6.067348409005696,
              "memory": 327680.0,
              "number": 1
            }
          },
          "response_time": 8.345194950235395
        }
      },
      "response_time": 8.345194950235395,
      "response_time_threshold": 82.28754377448196
    },
    "c7": {
      "s1": {
        "h1": {
          "computationallayer4": {
            "VM1": {
              "description": "No description",
              "cost": 1.0545715820297736,
              "memory": 327680.0,
              "number": 2
            }
          },
          "response_time": 11.152397235123852
        }
      },
      "response_time": 11.152397235123852,
      "response_time_threshold": 85.33774811898695
    },
    "c8": {
      "s1": {
        "h1": {
          "computationallayer6": {
            "F1": {
              "description": "No description",
              "cost": 0.03552880483036336,
              "memory": 327680.0,
              "idle_time_before_kill": 600.0,
              "transition_cost": 0.0
            }
          },
          "response_time": 2.4267336900646157
        }
      },
      "response_time": 2.4267336900646157,
      "response_time_threshold": "inf"
    },
    "c9": {
      "s2": {
        "h2": {
          "computationallayer4": {
            "VM1": {
              "description": "No description",
              "cost": 1.0545715820297736,
              "memory": 327680.0,
              "number": 2
            }
          },
          "response_time": 2.8853034754548155
        },
        "h3": {
          "computationallayer4": {
            "VM1": {
              "description": "No description",
              "cost": 1.0545715820297736,
              "memory": 327680.0,
              "number": 2
            }
          },
          "response_time": 2.537024730637327
        },
        "h4": {
          "computationallayer6": {
            "F9": {
              "description": "No description",
              "cost": 0.023190368099362146,
              "memory": 327680.0,
              "idle_time_before_kill": 600.0,
              "transition_cost": 0.0
            }
          },
          "response_time": 2.1063587083242292
        }
      },
      "response_time": 4.654503113900977,
      "response_time_threshold": "inf"
    },
    "c10": {
      "s1": {
        "h1": {
          "computationallayer4": {
            "VM1": {
              "description": "No description",
              "cost": 1.0545715820297736,
              "memory": 327680.0,
              "number": 2
            }
          },
          "response_time": 10.063575585318103
        }
      },
      "response_time": 10.063575585318103,
      "response_time_threshold": "inf"
    }
  },
  "global_constraints": {
    "p1": {
      "components": [
        "c3",
        "c4"
      ],
      "global_res_time": 197.77529142856625,
      "path_response_time": 8.403688069413018
    },
    "p2": {
      "components": [
        "c1",
        "c2",
        "c3",
        "c7"
      ],
      "global_res_time": 151.9323262470797,
      "path_response_time": 18.9072926287817
    },