{
  "Lambda": 1.8,
  "components": {
    "c1": {
      "s2": {
        "h2": {
          "computationallayer1": {
            "Drone1": {
              "description": "No description",
              "cost": 4.906423269164339,
              "memory": 163840.0,
              "number": 1
            }
          },
          "response_time": 0.16964462561042098
        },
        "h3": {
          "computationallayer1": {
            "Drone1": {
              "description": "No description",
              "cost": 4.906423269164339,
              "memory": 163840.0,
              "number": 1
            }
          },
          "response_time": 0.17908209527556182
        },
        "h4": {
          "computationallayer1": {
            "Drone1": {
              "description": "No description",
              "cost": 4.906423269164339,
              "memory": 163840.0,
              "number": 1
            }
          },
          "response_time": 0.167108812530787
        },
        "h5": {
          "computationallayer1": {
            "Drone1": {
              "description": "No description",
              "cost": 4.906423269164339,
              "memory": 163840.0,
              "number": 1
            }
          },
          "response_time": 0.16767427804909438
        }
      },
      "response_time": 0.1963840300383938,
      "response_time_threshold": 103.18111428492759
    },
    "c2": {
      "s2": {
        "h2": {
          "computationallayer1": {
            "Drone1": {
              "description": "No description",
              "cost": 4.906423269164339,
              "memory": 163840.0,
              "number": 1
            }
          },
          "response_time": 3.1060266796713063
        },
        "h3": {
          "computationallayer1": {
            "Drone1": {
              "description": "No description",
              "cost": 4.906423269164339,
              "memory": 163840.0,
              "number": 1
            }
          },
          "response_time": 3.29462441823006
        },
        "h4": {
          "computationallayer2": {
            "EN1": {
              "description": "No description",
              "cost": 6.360903238405363,
              "memory": 163840.0,
              "number": 1
            }
          },
          "response_time": 47.16002177668696
        }
      },
      "response_time": 24.450951810084963,
      "response_time_threshold": "inf"
    },
    "c3": {
      "s1": {
        "h1": {
          "computationallayer2": {
            "EN1": {
              "description": "No description",
              "cost": 6.360903238405363,
              "memory": 163840.0,
              "number": 1
            }
          },
          "response_time": 166.90771612284587
        }
      },
      "response_time": 166.90771612284587,
      "response_time_threshold": "inf"
    },
    "c4": {
      "s1": {
        "h1": {
          "computationallayer3": {
            "VM1": {
              "description": "No description",
              "cost": 0.5039551438872036,
              "memory": 163840.0,
              "number": 1
            }
          },
          "response_time": 9.46356291244626
        }
      },
      "response_time": 9.46356291244626,
      "response_time_threshold": 126.42162779151136
    },
    "c5": {
      "s2": {
        "h2": {
          "computationallayer3": {
            "VM1": {
              "description": "No description",
              "cost": 0.5039551438872036,
              "memory": 163840.0,
              "number": 1
            }
          },
          "response_time": 1.9075298313423001
        },
        "h3": {
          "computationallayer3": {
            "VM1": {
              "description": "No description",
              "cost": 0.5039551438872036,
              "memory": 163840.0,
              "number": 1
            }
          },
          "response_time": 2.5168180944846683
        },
        "h4": {
          "computationallayer3": {
            "VM1": {
              "description": "No description",
              "cost": 0.5039551438872036,
              "memory": 163840.0,
              "number": 1
            }
          },
          "response_time": 2.4942868021758646
        }
      },
      "response_time": 2.161686046401982,
      "response_time_threshold": 100.41082525196559
    }
  },
  "global_constraints": {
    "p1": {
      "components": [
        "c1",
        "c2",
        "c3",
        "c5"
      ],
      "global_res_time": 299.14249669391205,
      "path_response_time": 193.7247380093712
    },
    "p2": {
      "components": [
        "c2",
        "c3",
        "c4"
      ],
      "global_res_time": 391.09920900945826,
      "path_response_time": 200.8282308453771
    },
    "p3": {
      "components": [
        "c1",
        "c3",
        "c5"
      ],
      "global_res_time": 332.7179625748619,
      "path_response_time": 169.27778619928623
    }
  },
  "total_cost": "11.771281651456906"
}