{
  "Lambda": 1.8,
  "components": {
    "c1": {
      "s1": {
        "h1": {
          "computationallayer1": {
            "Drone1": {
              "description": "No description",
              "cost": 4.002926600155002,
              "memory": 327680.0,
              "number": 1
            }
          },
          "response_time": 0.3600950090271937
        }
      },
      "response_time": 0.3600950090271937,
      "response_time_threshold": "inf"
    },
    "c2": {
      "s1": {
        "h1": {
          "computationallayer3": {
            "EN6": {
              "description": "No description",
              "cost": 12.015683563318255,
              "memory": 327680.0,
              "number": 2
            }
          },
          "response_time": 6.051788462419851
        }
      },
      "response_time": 6.051788462419851,
      "response_time_threshold": "inf"
    },
    "c3": {
      "s2": {
        "h2": {
          "computationallayer1": {
            "Drone1": {
              "description": "No description",
              "cost": 4.002926600155002,
              "memory": 327680.0,
              "number": 1
            }
          },
          "response_time": 1.1640863982573937
        },
        "h3": {
          "computationallayer3": {
            "EN6": {
              "description": "No description",
              "cost": 12.015683563318255,
              "memory": 327680.0,
              "number": 2
            }
          },
          "response_time": 2.1724821485004506
        },
        "h4": {
          "computationallayer1": {
            "Drone1": {
              "description": "No description",
              "cost": 4.002926600155002,
              "memory": 327680.0,
              "number": 1
            }
          },
          "response_time": 1.236892542362977
        },
        "h5": {
          "computationallayer1": {
            "Drone1": {
              "description": "No description",
              "cost": 4.002926600155002,
              "memory": 327680.0,
              "number": 1
            }
          },
          "response_time": 1.1549239810275072
        }
      },
      "response_time": 1.6333458043837656,
      "response_time_threshold": "inf"
    },
    "c4": {
      "s1": {
        "h1": {
          "computationallayer3": {
            "EN6": {
              "description": "No description",
              "cost": 12.015683563318255,
              "memory": 327680.0,
              "number": 2
            }
          },
          "response_time": 6.357630916516647
        }
      },
      "response_time": 6.357630916516647,
      "response_time_threshold": 7.153347674100883
    },
    "c5": {
      "s3": {
        "h4": {
          "computationallayer3": {
            "EN6": {
              "description": "No description",
              "cost": 12.015683563318255,
              "memory": 327680.0,
              "number": 2
            }
          },
          "response_time": 2.5628874186931165
        },
        "h5": {
          "computationallayer3": {
            "EN6": {
              "description": "No description",
              "cost": 12.015683563318255,
              "memory": 327680.0,
              "number": 2
            }
          },
          "response_time": 2.2781121422719206
        },
        "h6": {
          "computationallayer3": {
            "EN6": {
              "description": "No description",
              "cost": 12.015683563318255,
              "memory": 327680.0,
              "number": 2
            }
          },
          "response_time": 2.5156121082244822
        },
        "h7": {
          "computationallayer3": {
            "EN6": {
              "description": "No description",
              "cost": 12.015683563318255,
              "memory": 327680.0,
              "number": 2
            }
          },
          "response_time": 2.5380041802321043
        }
      },
      "response_time": 3.4612701245298627,
      "response_time_threshold": "inf"
    },
    "c6": {
      "s1": {
        "h1": {
          "computationallayer5": {
            "VM6": {
              "description": "No description",
              "cost": 0.18768016659292197,
              "memory": 327680.0,
              "number": 3
            }
          },
          "response_time": 0.70843164889693
        }
      },
      "response_time": 0.70843164889693,
      "response_time_threshold": 8.301681551702806
    },
    "c7": {
      "s2": {
        "h2": {
          "computationallayer5": {
            "VM6": {
              "description": "No description",
              "cost": 0.18768016659292197,
              "memory": 327680.0,
              "number": 3
            }
          },
          "response_time": 0.5983733135522596
        },
        "h3": {
          "computationallayer5": {
            "VM6": {
              "description": "No description",
              "cost": 0.18768016659292197,
              "memory": 327680.0,
              "number": 3
            }
          },
          "response_time": 0.607297617828813
        }
      },
      "response_time": 0.8958011907979275,
      "response_time_threshold": "inf"
    },
    "c8": {
      "s1": {
        "h1": {
          "computationallayer5": {
            "VM6": {
              "description": "No description",
              "cost": 0.18768016659292197,
              "memory": 327680.0,
              "number": 3
            }
          },
          "response_time": 1.648144955760446
        }
      },
      "response_time": 1.648144955760446,
      "response_time_threshold": "inf"
    },
    "c9": {
      "s1": {
        "h1": {
          "computationallayer5": {
            "VM6": {
              "description": "No description",
              "cost": 0.18768016659292197,
              "memory": 327680.0,
              "number": 3
            }
          },
          "response_time": 1.5206742390672332
        }
      },
      "response_time": 1.5206742390672332,
      "response_time_threshold": 8.634319482681782
    },
    "c10": {
      "s1": {
        "h1": {
          "computationallayer5": {
            "VM6": {
              "description": "No description",
              "cost": 0.18768016659292197,
              "memory": 327680.0,
              "number": 3
            }
          },
          "response_time": 0.7134688205921476
        }
      },
      "response_time": 0.7134688205921476,
      "response_time_threshold": 7.964625916623904
    }
  },
  "global_constraints": {
    "p1": {
      "components": [
        "c5",
        "c7",
        "c9"
      ],
      "global_res_time": 18.98766034540514,
      "path_response_time": 5.885745554395023
    },
    "p2": {
      "components": [
        "c9",
        "c10"
      ],
      "global_res_time": 19.768940013596094,
      "path_response_time": 2.234143059659381
    },
    "p3": {
      "components": [
        "c6",
        "c9",
        "c10"
      ],
      "global_res_time": 18.99966920317538,
      "path_response_time": 2.942574708556311
    },
    "p4": {
      "components": [
        "c2",
        "c3"
      ],
      "global_res_time": 16.95179858216731,
      "path_response_time": 7.693134266803617
    }
  },
  "total_cost": "16.206290330066178"
}