{
    "Costs": [
        3.6642949765521964,
        3.6642949765521964,
        3.6642949765521964,
        3.6642949765521964,
        3.6642949765521964,
        3.6642949765521964,
        3.064418699486917,
        3.064418699486917,
        3.6642949765521964,
        3.6642949765521964,
        3.6642949765521964,
        3.6642949765521964,
        3.6642949765521964
    ],
    "FractionCostByRes": {
        "Edge": [
            0.5821924220952701,
            0.5821924220952701,
            0.5821924220952701,
            0.5821924220952701,
            0.5821924220952701,
            0.5821924220952701,
            0.5004043640844262,
            0.5004043640844262,
            0.5821924220952701,
            0.5821924220952701,
            0.5821924220952701,
            0.5821924220952701,
            0.5821924220952701
        ],
        "Faas": [
            0.0,
            0.0,
            0.0,
            0.0,
            0.0,
            0.0,
            0.0,
            0.0,
            0.0,
            0.0,
            0.0,
            0.0,
            0.0
        ],
        "VM": [
            0.4178075779047298,
            0.4178075779047298,
            0.4178075779047298,
            0.4178075779047298,
            0.4178075779047298,
            0.4178075779047298,
            0.49959563591557377,
            0.49959563591557377,
            0.4178075779047298,
            0.4178075779047298,
            0.4178075779047298,
            0.4178075779047298,
            0.4178075779047298
        ]
    },
    "Names": {
        "Edge": [
            [
                "Drone1",
                "EN1"
            ],
            [
                "Drone1",
                "EN1"
            ],
            [
                "Drone1",
                "EN1"
            ],
            [
                "Drone1",
                "EN1"
            ],
            [
                "Drone1",
                "EN1"
            ],
            [
                "Drone1",
                "EN1"
            ],
            [
                "Drone1"
            ],
            [
                "Drone1"
            ],
            [
                "Drone1",
                "EN1"
            ],
            [
                "Drone1",
                "EN1"
            ],
            [
                "Drone1",
                "EN1"
            ],
            [
                "Drone1",
                "EN1"
            ],
            [
                "Drone1",
                "EN1"
            ]
        ],
        "FaaS": [
            [],
            [],
            [],
            [],
            [],
            [],
            [],
            [],
            [],
            [],
            [],
            [],
            []
        ],
        "VM": [
            [
                "VM2"
            ],
            [
                "VM2"
            ],
            [
                "VM2"
            ],
            [
                "VM2"
            ],
            [
                "VM2"
            ],
            [
                "VM2"
            ],
            [
                "VM2"
            ],
            [
                "VM2"
            ],
            [
                "VM2"
            ],
            [
                "VM2"
            ],
            [
                "VM2"
            ],
            [
                "VM2"
            ],
            [
                "VM2"
            ]
        ]
    },
    "NumberActiveResources": {
        "Edge": [
            2,
            2,
            2,
            2,
            2,
            2,
            1,
            1,
            2,
            2,
            2,
            2,
            2
        ],
        "Faas": [
            0,
            0,
            0,
            0,
            0,
            0,
            0,
            0,
            0,
            0,
            0,
            0,
            0
        ],
        "VM": [
            1,
            1,
            1,
            1,
            1,
            1,
            1,
            1,
            1,
            1,
            1,
            1,
            1
        ]
    },
    "Timings": [
        0.0,
        0.408718254,
        0.425969901,
        0.41571238099999996,
        0.42235677899999996,
        0.406811638,
        0.390708329,
        0.395052833,
        0.409848693,
        0.414563816,
        0.396404196,
        0.413218818,
        0.422226756
    ]
}
