{
    "Costs": [
        5.690115723225018,
        5.42470870332982,
        5.42470870332982,
        5.42470870332982,
        5.42470870332982,
        5.42470870332982,
        3.5248324262645414,
        3.5248324262645414,
        5.42470870332982,
        5.42470870332982,
        5.42470870332982,
        5.42470870332982,
        5.42470870332982
    ],
    "FractionCostByRes": {
        "Edge": [
            0.6033839968591236,
            0.6329049088963975,
            0.6329049088963975,
            0.6329049088963975,
            0.6329049088963975,
            0.6329049088963975,
            0.43504152968493165,
            0.43504152968493165,
            0.6329049088963975,
            0.6329049088963975,
            0.6329049088963975,
            0.6329049088963975,
            0.6329049088963975
        ],
        "Faas": [
            0.046643518832473134,
            0.0,
            0.0,
            0.0,
            0.0,
            0.0,
            0.0,
            0.0,
            0.0,
            0.0,
            0.0,
            0.0,
            0.0
        ],
        "VM": [
            0.3499724843084033,
            0.3670950911036026,
            0.3670950911036026,
            0.3670950911036026,
            0.3670950911036026,
            0.3670950911036026,
            0.5649584703150684,
            0.5649584703150684,
            0.3670950911036026,
            0.3670950911036026,
            0.3670950911036026,
            0.3670950911036026,
            0.3670950911036026
        ]
    },
    "Names": {
        "Edge": [
            [
                "Drone1",
                "EN1"
            ],
            [
                "Drone1",
                "EN1"
            ],
            [
                "Drone1",
                "EN1"
            ],
            [
                "Drone1",
                "EN1"
            ],
            [
                "Drone1",
                "EN1"
            ],
            [
                "Drone1",
                "EN1"
            ],
            [
                "Drone1"
            ],
            [
                "Drone1"
            ],
            [
                "Drone1",
                "EN1"
            ],
            [
                "Drone1",
                "EN1"
            ],
            [
                "Drone1",
                "EN1"
            ],
            [
                "Drone1",
                "EN1"
            ],
            [
                "Drone1",
                "EN1"
            ]
        ],
        "FaaS": [
            [
                "F16",
                "F19"
            ],
            [],
            [],
            [],
            [],
            [],
            [],
            [],
            [],
            [],
            [],
            [],
            []
        ],
        "VM": [
            [
                "VM3"
            ],
            [
                "VM3"
            ],
            [
                "VM3"
            ],
            [
                "VM3"
            ],
            [
                "VM3"
            ],
            [
                "VM3"
            ],
            [
                "VM3"
            ],
            [
                "VM3"
            ],
            [
                "VM3"
            ],
            [
                "VM3"
            ],
            [
                "VM3"
            ],
            [
                "VM3"
            ],
            [
                "VM3"
            ]
        ]
    },
    "NumberActiveResources": {
        "Edge": [
            2,
            2,
            2,
            2,
            2,
            2,
            1,
            1,
            2,
            2,
            2,
            2,
            2
        ],
        "Faas": [
            2,
            0,
            0,
            0,
            0,
            0,
            0,
            0,
            0,
            0,
            0,
            0,
            0
        ],
        "VM": [
            1,
            1,
            1,
            1,
            1,
            1,
            1,
            1,
            1,
            1,
            1,
            1,
            1
        ]
    },
    "Timings": [
        0.0,
        0.381665152,
        0.464915547,
        0.394986574,
        0.400451172,
        0.407637476,
        0.39344807699999995,
        0.394515118,
        0.40174981800000004,
        0.397779559,
        0.385075144,
        0.404595291,
        0.393337059
    ]
}
