{
    "Costs": [
        5.6642949765521955,
        5.6642949765521955,
        5.6642949765521955,
        5.6642949765521955,
        5.6642949765521955,
        5.6642949765521955,
        3.064418699486917,
        3.064418699486917,
        5.6642949765521955,
        5.6642949765521955,
        5.6642949765521955,
        5.6642949765521955,
        5.6642949765521955
    ],
    "FractionCostByRes": {
        "Edge": [
            0.7297156636052119,
            0.7297156636052119,
            0.7297156636052119,
            0.7297156636052119,
            0.7297156636052119,
            0.7297156636052119,
            0.5004043640844262,
            0.5004043640844262,
            0.7297156636052119,
            0.7297156636052119,
            0.7297156636052119,
            0.7297156636052119,
            0.7297156636052119
        ],
        "Faas": [
            0.0,
            0.0,
            0.0,
            0.0,
            0.0,
            0.0,
            0.0,
            0.0,
            0.0,
            0.0,
            0.0,
            0.0,
            0.0
        ],
        "VM": [
            0.27028433639478805,
            0.27028433639478805,
            0.27028433639478805,
            0.27028433639478805,
            0.27028433639478805,
            0.27028433639478805,
            0.49959563591557377,
            0.49959563591557377,
            0.27028433639478805,
            0.27028433639478805,
            0.27028433639478805,
            0.27028433639478805,
            0.27028433639478805
        ]
    },
    "Names": {
        "Edge": [
            [
                "Drone1",
                "EN1"
            ],
            [
                "Drone1",
                "EN1"
            ],
            [
                "Drone1",
                "EN1"
            ],
            [
                "Drone1",
                "EN1"
            ],
            [
                "Drone1",
                "EN1"
            ],
            [
                "Drone1",
                "EN1"
            ],
            [
                "Drone1"
            ],
            [
                "Drone1"
            ],
            [
                "Drone1",
                "EN1"
            ],
            [
                "Drone1",
                "EN1"
            ],
            [
                "Drone1",
                "EN1"
            ],
            [
                "Drone1",
                "EN1"
            ],
            [
                "Drone1",
                "EN1"
            ]
        ],
        "FaaS": [
            [],
            [],
            [],
            [],
            [],
            [],
            [],
            [],
            [],
            [],
            [],
            [],
            []
        ],
        "VM": [
            [
                "VM2"
            ],
            [
                "VM2"
            ],
            [
                "VM2"
            ],
            [
                "VM2"
            ],
            [
                "VM2"
            ],
            [
                "VM2"
            ],
            [
                "VM2"
            ],
            [
                "VM2"
            ],
            [
                "VM2"
            ],
            [
                "VM2"
            ],
            [
                "VM2"
            ],
            [
                "VM2"
            ],
            [
                "VM2"
            ]
        ]
    },
    "NumberActiveResources": {
        "Edge": [
            2,
            2,
            2,
            2,
            2,
            2,
            1,
            1,
            2,
            2,
            2,
            2,
            2
        ],
        "Faas": [
            0,
            0,
            0,
            0,
            0,
            0,
            0,
            0,
            0,
            0,
            0,
            0,
            0
        ],
        "VM": [
            1,
            1,
            1,
            1,
            1,
            1,
            1,
            1,
            1,
            1,
            1,
            1,
            1
        ]
    },
    "Timings": [
        0.0,
        0.39395767099999995,
        0.399839824,
        0.39192919699999995,
        0.40045745299999996,
        0.40397517899999996,
        0.394678029,
        0.386300624,
        0.390259346,
        0.39069138299999995,
        0.386275265,
        0.399040853,
        0.386611838
    ]
}
