{
    "Lambda": 18.0,
    "components": {
        "c1": {
            "h1": {
                "computationallayer1": {
                    "Drone1": {
                        "cost": 1.533448490605175,
                        "description": "No description available",
                        "memory": 229376.0,
                        "number": 1
                    }
                },
                "response_time": 0.01231426269836949
            },
            "response_time": 0.01231426269836949,
            "response_time_threshold": 1.93176175538263
        },
        "c2": {
            "h1": {
                "computationallayer2": {
                    "EN1": {
                        "cost": 2.42628831195837,
                        "description": "No description available",
                        "memory": 229376.0,
                        "number": 3
                    }
                },
                "response_time": 0.5033491197431428
            },
            "response_time": 0.5033491197431428,
            "response_time_threshold": 1.792892448180702
        },
        "c3": {
            "h6": {
                "computationallayer3": {
                    "VM2": {
                        "cost": 3.0619404177634837,
                        "description": "No description available",
                        "memory": 229376.0,
                        "number": 2
                    }
                },
                "response_time": 0.5398786264702207
            },
            "h7": {
                "computationallayer3": {
                    "VM2": {
                        "cost": 3.0619404177634837,
                        "description": "No description available",
                        "memory": 229376.0,
                        "number": 2
                    }
                },
                "response_time": 0.5413676317440594
            },
            "h8": {
                "computationallayer3": {
                    "VM2": {
                        "cost": 3.0619404177634837,
                        "description": "No description available",
                        "memory": 229376.0,
                        "number": 2
                    }
                },
                "response_time": 0.5392087812997978
            },
            "response_time": 0.7171603802090241,
            "response_time_threshold": null
        },
        "c4": {
            "h1": {
                "computationallayer4": {
                    "F9": {
                        "cost": 0.8796430018835877,
                        "description": "No description available",
                        "idle_time_before_kill": 600.0,
                        "memory": 229376.0,
                        "transition_cost": 0.0
                    }
                },
                "response_time": 1.013583747961143
            },
            "response_time": 1.013583747961143,
            "response_time_threshold": 1.799916106454906
        },
        "c5": {
            "h6": {
                "computationallayer3": {
                    "VM2": {
                        "cost": 3.0619404177634837,
                        "description": "No description available",
                        "memory": 229376.0,
                        "number": 2
                    }
                },
                "response_time": 0.5917129406276417
            },
            "h7": {
                "computationallayer3": {
                    "VM2": {
                        "cost": 3.0619404177634837,
                        "description": "No description available",
                        "memory": 229376.0,
                        "number": 2
                    }
                },
                "response_time": 0.5922451333879015
            },
            "h8": {
                "computationallayer3": {
                    "VM2": {
                        "cost": 3.0619404177634837,
                        "description": "No description available",
                        "memory": 229376.0,
                        "number": 2
                    }
                },
                "response_time": 0.6023989304742845
            },
            "response_time": 0.9656444465879426,
            "response_time_threshold": 1.437831764098487
        },
        "c6": {
            "h1": {
                "computationallayer4": {
                    "F18": {
                        "cost": 0.16428834807555545,
                        "description": "No description available",
                        "idle_time_before_kill": 600.0,
                        "memory": 229376.0,
                        "transition_cost": 0.0
                    }
                },
                "response_time": 1.0458635703680175
            },
            "response_time": 1.0458635703680175,
            "response_time_threshold": 1.469098809051298
        },
        "c7": {
            "h1": {
                "computationallayer4": {
                    "F19": {
                        "cost": 1.2529375771670523,
                        "description": "No description available",
                        "idle_time_before_kill": 600.0,
                        "memory": 229376.0,
                        "transition_cost": 0.0
                    }
                },
                "response_time": 1.438214151627224
            },
            "response_time": 1.438214151627224,
            "response_time_threshold": 1.5
        }
    },
    "global_constraints": {
        "p1": {
            "components": [
                "c1",
                "c2"
            ],
            "path_response_time": 0.5191633824415123,
            "path_response_time_threshold": 2.572335055929248
        },
        "p2": {
            "components": [
                "c3",
                "c4",
                "c5"
            ],
            "path_response_time": 2.705055241424776,
            "path_response_time_threshold": 3.224182960103924
        },
        "p3": {
            "components": [
                "c4",
                "c5",
                "c6"
            ],
            "path_response_time": 3.0344250982504364,
            "path_response_time_threshold": 3.212431722542235
        }
    },
    "total_cost": 9.318546147453224
}
