{
  "Lambda": 1.8,
  "components": {
    "c1": {
      "s2": {
        "h2": {
          "computationallayer1": {
            "Drone1": {
              "description": "No description",
              "cost": 4.018288277344192,
              "memory": 163840.0,
              "number": 1
            }
          },
          "response_time": 0.13215296671751134
        },
        "h3": {
          "computationallayer1": {
            "Drone1": {
              "description": "No description",
              "cost": 4.018288277344192,
              "memory": 163840.0,
              "number": 1
            }
          },
          "response_time": 0.1331431330221991
        }
      },
      "response_time": 0.15868245911574003,
      "response_time_threshold": 13.45448458758462
    },
    "c2": {
      "s2": {
        "h2": {
          "computationallayer2": {
            "EN1": {
              "description": "No description",
              "cost": 7.500288629889935,
              "memory": 163840.0,
              "number": 1
            }
          },
          "response_time": 0.9469700809852408
        },
        "h3": {
          "computationallayer2": {
            "EN1": {
              "description": "No description",
              "cost": 7.500288629889935,
              "memory": 163840.0,
              "number": 1
            }
          },
          "response_time": 0.8948078837551887
        }
      },
      "response_time": 1.099850775237078,
      "response_time_threshold": 13.822962851202492
    },
    "c3": {
      "s1": {
        "h1": {
          "computationallayer2": {
            "EN1": {
              "description": "No description",
              "cost": 7.500288629889935,
              "memory": 163840.0,
              "number": 1
            }
          },
          "response_time": 2.1292268122354154
        }
      },
      "response_time": 2.1292268122354154,
      "response_time_threshold": "inf"
    },
    "c4": {
      "s1": {
        "h1": {
          "computationallayer3": {
            "VM3": {
              "description": "No description",
              "cost": 0.2200925152277987,
              "memory": 163840.0,
              "number": 1
            }
          },
          "response_time": 0.9640335241268969
        }
      },
      "response_time": 0.9640335241268969,
      "response_time_threshold": 10.079106214232782
    },
    "c5": {
      "s1": {
        "h1": {
          "computationallayer4": {
            "F2": {
              "description": "No description",
              "cost": 0.09617226044546168,
              "memory": 163840.0,
              "idle_time_before_kill": 600.0,
              "transition_cost": 0.0
            }
          },
          "response_time": 2.010244819905355
        }
      },
      "response_time": 2.010244819905355,
      "response_time_threshold": "inf"
    }
  },
  "global_constraints": {
    "p1": {
      "components": [
        "c1",
        "c2"
      ],
      "global_res_time": 32.08712557000694,
      "path_response_time": 1.2620332343528182
    },
    "p2": {
      "components": [
        "c2",
        "c3"
      ],
      "global_res_time": 31.964672550484558,
      "path_response_time": 3.2290775874724935
    },
    "p3": {
      "components": [
        "c1",
        "c4",
        "c5"
      ],
      "global_res_time": 38.845368033197246,
      "path_response_time": 3.1446274698146586
    }
  },
  "total_cost": "12.086448935039282"
}