{
  "Lambda": 1.8,
  "components": {
    "c1": {
      "s1": {
        "h1": {
          "computationallayer1": {
            "Drone1": {
              "description": "No description",
              "cost": 4.002926600155002,
              "memory": 327680.0,
              "number": 1
            }
          },
          "response_time": 0.41020660696377625
        }
      },
      "response_time": 0.41020660696377625,
      "response_time_threshold": "inf"
    },
    "c2": {
      "s1": {
        "h1": {
          "computationallayer3": {
            "EN6": {
              "description": "No description",
              "cost": 12.015683563318255,
              "memory": 327680.0,
              "number": 2
            }
          },
          "response_time": 12.247788368420956
        }
      },
      "response_time": 12.247788368420956,
      "response_time_threshold": "inf"
    },
    "c3": {
      "s2": {
        "h2": {
          "computationallayer1": {
            "Drone1": {
              "description": "No description",
              "cost": 4.002926600155002,
              "memory": 327680.0,
              "number": 1
            }
          },
          "response_time": 1.3260831715826074
        },
        "h3": {
          "computationallayer1": {
            "Drone1": {
              "description": "No description",
              "cost": 4.002926600155002,
              "memory": 327680.0,
              "number": 1
            }
          },
          "response_time": 1.3751119276811627
        },
        "h4": {
          "computationallayer1": {
            "Drone1": {
              "description": "No description",
              "cost": 4.002926600155002,
              "memory": 327680.0,
              "number": 1
            }
          },
          "response_time": 1.4090211756953266
        },
        "h5": {
          "computationallayer1": {
            "Drone1": {
              "description": "No description",
              "cost": 4.002926600155002,
              "memory": 327680.0,
              "number": 1
            }
          },
          "response_time": 1.3156456926138989
        }
      },
      "response_time": 1.671947744191194,
      "response_time_threshold": "inf"
    },
    "c4": {
      "s3": {
        "h4": {
          "computationallayer3": {
            "EN6": {
              "description": "No description",
              "cost": 12.015683563318255,
              "memory": 327680.0,
              "number": 2
            }
          },
          "response_time": 4.09715205555508
        },
        "h5": {
          "computationallayer3": {
            "EN6": {
              "description": "No description",
              "cost": 12.015683563318255,
              "memory": 327680.0,
              "number": 2
            }
          },
          "response_time": 4.733207804009588
        },
        "h6": {
          "computationallayer3": {
            "EN6": {
              "description": "No description",
              "cost": 12.015683563318255,
              "memory": 327680.0,
              "number": 2
            }
          },
          "response_time": 3.9782098591482398
        },
        "h7": {
          "computationallayer3": {
            "EN6": {
              "description": "No description",
              "cost": 12.015683563318255,
              "memory": 327680.0,
              "number": 2
            }
          },
          "response_time": 4.573856863476587
        }
      },
      "response_time": 5.661711023746717,
      "response_time_threshold": 71.53347674100883
    },
    "c5": {
      "s3": {
        "h4": {
          "computationallayer3": {
            "EN6": {
              "description": "No description",
              "cost": 12.015683563318255,
              "memory": 327680.0,
              "number": 2
            }
          },
          "response_time": 5.18684731152856
        },
        "h5": {
          "computationallayer3": {
            "EN6": {
              "description": "No description",
              "cost": 12.015683563318255,
              "memory": 327680.0,
              "number": 2
            }
          },
          "response_time": 4.610510689747378
        },
        "h6": {
          "computationallayer3": {
            "EN6": {
              "description": "No description",
              "cost": 12.015683563318255,
              "memory": 327680.0,
              "number": 2
            }
          },
          "response_time": 5.091170140843102
        },
        "h7": {
          "computationallayer3": {
            "EN6": {
              "description": "No description",
              "cost": 12.015683563318255,
              "memory": 327680.0,
              "number": 2
            }
          },
          "response_time": 5.136487878034817
        }
      },
      "response_time": 7.005020785909741,
      "response_time_threshold": "inf"
    },
    "c6": {
      "s1": {
        "h1": {
          "computationallayer5": {
            "VM6": {
              "description": "No description",
              "cost": 0.12512011106194798,
              "memory": 327680.0,
              "number": 2
            }
          },
          "response_time": 0.9274955903014943
        }
      },
      "response_time": 0.9274955903014943,
      "response_time_threshold": 83.01681551702806
    },
    "c7": {
      "s1": {
        "h1": {
          "computationallayer3": {
            "EN6": {
              "description": "No description",
              "cost": 12.015683563318255,
              "memory": 327680.0,
              "number": 2
            }
          },
          "response_time": 13.526745169282385
        }
      },
      "response_time": 13.526745169282385,
      "response_time_threshold": "inf"
    },
    "c8": {
      "s1": {
        "h1": {
          "computationallayer5": {
            "VM6": {
              "description": "No description",
              "cost": 0.12512011106194798,
              "memory": 327680.0,
              "number": 2
            }
          },
          "response_time": 2.1577906365782207
        }
      },
      "response_time": 2.1577906365782207,
      "response_time_threshold": "inf"
    },
    "c9": {
      "s2": {
        "h2": {
          "computationallayer5": {
            "VM6": {
              "description": "No description",
              "cost": 0.12512011106194798,
              "memory": 327680.0,
              "number": 2
            }
          },
          "response_time": 0.8622499165387486
        },
        "h3": {
          "computationallayer5": {
            "VM6": {
              "description": "No description",
              "cost": 0.12512011106194798,
              "memory": 327680.0,
              "number": 2
            }
          },
          "response_time": 0.8155760182046429
        },
        "h4": {
          "computationallayer5": {
            "VM6": {
              "description": "No description",
              "cost": 0.12512011106194798,
              "memory": 327680.0,
              "number": 2
            }
          },
          "response_time": 0.8749795491506779
        },
        "h5": {
          "computationallayer5": {
            "VM6": {
              "description": "No description",
              "cost": 0.12512011106194798,
              "memory": 327680.0,
              "number": 2
            }
          },
          "response_time": 0.8309250115959893
        }
      },
      "response_time": 1.0578014920048198,
      "response_time_threshold": 86.34319482681782
    },
    "c10": {
      "s1": {
        "h1": {
          "computationallayer5": {
            "VM6": {
              "description": "No description",
              "cost": 0.12512011106194798,
              "memory": 327680.0,
              "number": 2
            }
          },
          "response_time": 0.9340903754754492
        }
      },
      "response_time": 0.9340903754754492,