{
  "Lambda": 1.8,
  "components": {
    "c1": {
      "s1": {
        "h1": {
          "computationallayer1": {
            "Drone1": {
              "description": "No description",
              "cost": 4.766152760766234,
              "memory": 327680.0,
              "number": 1
            }
          },
          "response_time": 12.078093230716874
        }
      },
      "response_time": 12.078093230716874,
      "response_time_threshold": "inf"
    },
    "c2": {
      "s2": {
        "h2": {
          "computationallayer2": {
            "EN4": {
              "description": "No description",
              "cost": 12.689451602933893,
              "memory": 327680.0,
              "number": 2
            }
          },
          "response_time": 1.0668623843607161
        },
        "h3": {
          "computationallayer1": {
            "Drone1": {
              "description": "No description",
              "cost": 4.766152760766234,
              "memory": 327680.0,
              "number": 1
            }
          },
          "response_time": 48.95698890561473
        },
        "h4": {
          "computationallayer1": {
            "Drone1": {
              "description": "No description",
              "cost": 4.766152760766234,
              "memory": 327680.0,
              "number": 1
            }
          },
          "response_time": 46.200831637740094
        },
        "h5": {
          "computationallayer2": {
            "EN4": {
              "description": "No description",
              "cost": 12.689451602933893,
              "memory": 327680.0,
              "number": 2
            }
          },
          "response_time": 1.0319785526412484
        }
      },
      "response_time": 39.779654062431625,
      "response_time_threshold": "inf"
    },
    "c3": {
      "s1": {
        "h1": {
          "computationallayer2": {
            "EN4": {
              "description": "No description",
              "cost": 12.689451602933893,
              "memory": 327680.0,
              "number": 2
            }
          },
          "response_time": 4.147822947770284
        }
      },
      "response_time": 4.147822947770284,
      "response_time_threshold": 72.81540644939044
    },
    "c4": {
      "s1": {
        "h1": {
          "computationallayer2": {
            "EN4": {
              "description": "No description",
              "cost": 12.689451602933893,
              "memory": 327680.0,
              "number": 2
            }
          },
          "response_time": 2.4634037188281486
        }
      },
      "response_time": 2.4634037188281486,
      "response_time_threshold": 92.9984954386674
    },
    "c5": {
      "s1": {
        "h1": {
          "computationallayer2": {
            "EN4": {
              "description": "No description",
              "cost": 12.689451602933893,
              "memory": 327680.0,
              "number": 2
            }
          },
          "response_time": 3.714914057355813
        }
      },
      "response_time": 3.714914057355813,
      "response_time_threshold": "inf"
    },
    "c6": {
      "s2": {
        "h2": {
          "computationallayer4": {
            "VM1": {
              "description": "No description",
              "cost": 0.35442676160364717,
              "memory": 327680.0,
              "number": 2
            }
          },
          "response_time": 1.6410937716384189
        },
        "h3": {
          "computationallayer4": {
            "VM1": {
              "description": "No description",
              "cost": 0.35442676160364717,
              "memory": 327680.0,
              "number": 2
            }
          },
          "response_time": 1.5575463877288858
        },
        "h4": {
          "computationallayer4": {
            "VM1": {
              "description": "No description",
              "cost": 0.35442676160364717,
              "memory": 327680.0,
              "number": 2
            }
          },
          "response_time": 1.6293273181884325
        }
      },
      "response_time": 3.386834509332481,
      "response_time_threshold": "inf"
    },
    "c7": {
      "s2": {
        "h2": {
          "computationallayer4": {
            "VM1": {
              "description": "No description",
              "cost": 0.35442676160364717,
              "memory": 327680.0,
              "number": 2
            }
          },
          "response_time": 1.6494962563783406
        },
        "h3": {
          "computationallayer4": {
            "VM1": {
              "description": "No description",
              "cost": 0.35442676160364717,
              "memory": 327680.0,
              "number": 2
            }
          },
          "response_time": 1.7136843725141158
        }
      },
      "response_time": 1.958335205551576,
      "response_time_threshold": 82.27813551565745
    },
    "c8": {
      "s2": {
        "h2": {
          "computationallayer2": {
            "EN4": {
              "description": "No description",
              "cost": 12.689451602933893,
              "memory": 327680.0,
              "number": 2
            }
          },
          "response_time": 1.588362359298391
        },
        "h3": {
          "computationallayer4": {
            "VM1": {
              "description": "No description",
              "cost": 0.35442676160364717,
              "memory": 327680.0,
              "number": 2
            }
          },
          "response_time": 1.6265247614971101
        }
      },
      "response_time": 2.6502756001683263,
      "response_time_threshold": "inf"
    },
    "c9": {
      "s1": {
        "h1": {
          "computationallayer4": {
            "VM1": {
              "description": "No description",
              "cost": 0.35442676160364717,
              "memory": 327680.0,
              "number": 2
            }
          },
          "response_time": 1.2319993249460437
        }
      },
      "response_time": 1.2319993249460437,
      "response_time_threshold": 70.6809514765163
    },
    "c10": {
      "s1": {
        "h1": {
          "computationallayer4": {
            "VM1": {
              "description": "No description",
              "cost": 0.35442676160364717,
              "memory": 327680.0,
              "number": 2
            }
          },
          "response_time": 2.3519681497257414
        }
      },
      "response_time": 2.3519681497257414,
      "response_time_threshold": "inf"
    }
  },
  "global_constraints": {
    "p1": {
      "components": [
        "c8",
        "c9"
      ],
      "global_res_time": 169.0770853409288,
      "path_response_time": 3.88227492511437
    },
    "p2": {
      "components": [
        "c2",
        "c5",
        "c7"
      ],
      "global_res_time": 197.97068264817165,
      "path_response_time": 45.45790332533902
    },
    "p3": {
      "components": [
        "c6",
        "c7",
        "c9",
        "c10"
      ],
      "global_res_time": 195.58438263318564,
      "path_response_time": 8.929137189555842
    },
    "p4": {
      "components": [
        "c4",
        "c8"
      ],
      "global_res_time": 167.0848535367392,
      "path_response_time": 5.113679318996475
    }
  },
  "total_cost": "17.810031125303773"
}