{
  "Lambda": 1.8,
  "components": {
    "c1": {
      "s3": {
        "h4": {
          "computationallayer1": {
            "Drone1": {
              "description": "No description",
              "cost": 4.008308374432571,
              "memory": 327680.0,
              "number": 1
            }
          },
          "response_time": 0.07072695646853598
        },
        "h5": {
          "computationallayer1": {
            "Drone1": {
              "description": "No description",
              "cost": 4.008308374432571,
              "memory": 327680.0,
              "number": 1
            }
          },
          "response_time": 0.07033944106786283
        },
        "h6": {
          "computationallayer1": {
            "Drone1": {
              "description": "No description",
              "cost": 4.008308374432571,
              "memory": 327680.0,
              "number": 1
            }
          },
          "response_time": 0.06989524120328204
        }
      },
      "response_time": 0.09544563478238131,
      "response_time_threshold": "inf"
    },
    "c2": {
      "s1": {
        "h1": {
          "computationallayer3": {
            "EN5": {
              "description": "No description",
              "cost": 12.908314506333102,
              "memory": 327680.0,
              "number": 2
            }
          },
          "response_time": 6.047894021043455
        }
      },
      "response_time": 6.047894021043455,
      "response_time_threshold": 9.746525513443107
    },
    "c3": {
      "s1": {
        "h1": {
          "computationallayer1": {
            "Drone1": {
              "description": "No description",
              "cost": 4.008308374432571,
              "memory": 327680.0,
              "number": 1
            }
          },
          "response_time": 2.014501843226878
        }
      },
      "response_time": 2.014501843226878,
      "response_time_threshold": "inf"
    },
    "c4": {
      "s1": {
        "h1": {
          "computationallayer3": {
            "EN5": {
              "description": "No description",
              "cost": 12.908314506333102,
              "memory": 327680.0,
              "number": 2
            }
          },
          "response_time": 4.799316001403971
        }
      },
      "response_time": 4.799316001403971,
      "response_time_threshold": 7.157568221375844
    },
    "c5": {
      "s1": {
        "h1": {
          "computationallayer3": {
            "EN5": {
              "description": "No description",
              "cost": 12.908314506333102,
              "memory": 327680.0,
              "number": 2
            }
          },
          "response_time": 7.902133331798976
        }
      },
      "response_time": 7.902133331798976,
      "response_time_threshold": 8.849653859537483
    },
    "c6": {
      "s1": {
        "h1": {
          "computationallayer5": {
            "VM5": {
              "description": "No description",
              "cost": 1.5097717932566201,
              "memory": 327680.0,
              "number": 2
            }
          },
          "response_time": 2.62113271314481
        }
      },
      "response_time": 2.62113271314481,
      "response_time_threshold": "inf"
    },
    "c7": {
      "s1": {
        "h1": {
          "computationallayer5": {
            "VM5": {
              "description": "No description",
              "cost": 1.5097717932566201,
              "memory": 327680.0,
              "number": 2
            }
          },
          "response_time": 2.5124084510886457
        }
      },
      "response_time": 2.5124084510886457,
      "response_time_threshold": 9.276428695793577
    },
    "c8": {
      "s1": {
        "h1": {
          "computationallayer5": {
            "VM5": {
              "description": "No description",
              "cost": 1.5097717932566201,
              "memory": 327680.0,
              "number": 2
            }
          },
          "response_time": 3.0732489962836285
        }
      },
      "response_time": 3.0732489962836285,
      "response_time_threshold": "inf"
    },
    "c9": {
      "s1": {
        "h1": {
          "computationallayer6": {
            "F9": {
              "description": "No description",
              "cost": 0.14544547855627277,
              "memory": 327680.0,
              "idle_time_before_kill": 600.0,
              "transition_cost": 0.0
            }
          },
          "response_time": 2.4915961039512937
        }
      },
      "response_time": 2.4915961039512937,
      "response_time_threshold": "inf"
    },
    "c10": {
      "s1": {
        "h1": {
          "computationallayer6": {
            "F12": {
              "description": "No description",
              "cost": 0.032865810850571386,
              "memory": 327680.0,
              "idle_time_before_kill": 600.0,
              "transition_cost": 0.0
            }
          },
          "response_time": 2.6019871467828146
        }
      },
      "response_time": 2.6019871467828146,
      "response_time_threshold": "inf"
    }
  },
  "global_constraints": {
    "p1": {
      "components": [
        "c2",
        "c3",
        "c4",
        "c6"
      ],
      "global_res_time": 18.905417895223163,
      "path_response_time": 15.501844578819115
    },
    "p2": {
      "components": [
        "c9",
        "c10"
      ],
      "global_res_time": 18.672906861172617,
      "path_response_time": 5.099583250734108
    },
    "p3": {
      "components": [
        "c3",
        "c4",
        "c5"
      ],
      "global_res_time": 16.093872093943755,
      "path_response_time": 14.723951176429825
    },
    "p4": {
      "components": [
        "c2",
        "c3",
        "c4"
      ],
      "global_res_time": 17.330024127134564,
      "path_response_time": 12.874711865674305
    }
  },
  "total_cost": "19.232251123484126"
}