{
  "Lambda": 1.8,
  "components": {
    "c1": {
      "s1": {
        "h1": {
          "computationallayer1": {
            "Drone1": {
              "description": "No description",
              "cost": 4.491198191671516,
              "memory": 229376.0,
              "number": 1
            }
          },
          "response_time": 0.43924816077606893
        }
      },
      "response_time": 0.43924816077606893,
      "response_time_threshold": "inf"
    },
    "c2": {
      "s2": {
        "h2": {
          "computationallayer2": {
            "EN2": {
              "description": "No description",
              "cost": 6.3033119212277375,
              "memory": 229376.0,
              "number": 1
            }
          },
          "response_time": 7.128128894680783
        },
        "h3": {
          "computationallayer1": {
            "Drone1": {
              "description": "No description",
              "cost": 4.491198191671516,
              "memory": 229376.0,
              "number": 1
            }
          },
          "response_time": 1.2794104592558784
        },
        "h4": {
          "computationallayer2": {
            "EN2": {
              "description": "No description",
              "cost": 6.3033119212277375,
              "memory": 229376.0,
              "number": 1
            }
          },
          "response_time": 6.67898853044585
        }
      },
      "response_time": 7.792167622672445,
      "response_time_threshold": "inf"
    },
    "c3": {
      "s2": {
        "h2": {
          "computationallayer2": {
            "EN2": {
              "description": "No description",
              "cost": 6.3033119212277375,
              "memory": 229376.0,
              "number": 1
            }
          },
          "response_time": 4.736842606170326
        },
        "h3": {
          "computationallayer2": {
            "EN2": {
              "description": "No description",
              "cost": 6.3033119212277375,
              "memory": 229376.0,
              "number": 1
            }
          },
          "response_time": 5.505115760255094
        },
        "h4": {
          "computationallayer2": {
            "EN2": {
              "description": "No description",
              "cost": 6.3033119212277375,
              "memory": 229376.0,
              "number": 1
            }
          },
          "response_time": 4.647539894108901
        },
        "h5": {
          "computationallayer2": {
            "EN2": {
              "description": "No description",
              "cost": 6.3033119212277375,
              "memory": 229376.0,
              "number": 1
            }
          },
          "response_time": 5.675892663398591
        }
      },
      "response_time": 6.559978510049069,
      "response_time_threshold": "inf"
    },
    "c4": {
      "s1": {
        "h1": {
          "computationallayer2": {
            "EN2": {
              "description": "No description",
              "cost": 6.3033119212277375,
              "memory": 229376.0,
              "number": 1
            }
          },
          "response_time": 24.10548560637334
        }
      },
      "response_time": 24.10548560637334,
      "response_time_threshold": 87.1146654330954
    },
    "c5": {
      "s1": {
        "h1": {
          "computationallayer3": {
            "VM1": {
              "description": "No description",
              "cost": 1.469470087427302,
              "memory": 229376.0,
              "number": 2
            }
          },
          "response_time": 2.7512630993482916
        }
      },
      "response_time": 2.7512630993482916,
      "response_time_threshold": 77.06627067539893
    },
    "c6": {
      "s1": {
        "h1": {
          "computationallayer3": {
            "VM1": {
              "description": "No description",
              "cost": 1.469470087427302,
              "memory": 229376.0,
              "number": 2
            }
          },
          "response_time": 1.6778430763878718
        }
      },
      "response_time": 1.6778430763878718,
      "response_time_threshold": 89.22343766582749
    },
    "c7": {
      "s1": {
        "h1": {
          "computationallayer3": {
            "VM1": {
              "description": "No description",
              "cost": 1.469470087427302,
              "memory": 229376.0,
              "number": 2
            }
          },
          "response_time": 1.294071631319364
        }
      },
      "response_time": 1.294071631319364,
      "response_time_threshold": "inf"
    }
  },
  "global_constraints": {
    "p1": {
      "components": [
        "c1",
        "c2",
        "c3",
        "c4",
        "c5",
        "c6",
        "c7"
      ],
      "global_res_time": 161.87602169433572,
      "path_response_time": 44.62855770692646
    },
    "p2": {
      "components": [
        "c2",
        "c3"
      ],
      "global_res_time": 174.1903826828016,
      "path_response_time": 14.352146132721515
    },
    "p3": {
      "components": [
        "c3",
        "c4",
        "c5"
      ],
      "global_res_time": 152.29095769615742,
      "path_response_time": 33.4217272157707
    }
  },
  "total_cost": "12.263980200326555"
}