{
  "Lambda": 1.8,
  "components": {
    "c1": {
      "s2": {
        "h2": {
          "computationallayer1": {
            "Drone1": {
              "description": "No description",
              "cost": 4.983596583530672,
              "memory": 327680.0,
              "number": 1
            }
          },
          "response_time": 0.1623591047847967
        },
        "h3": {
          "computationallayer1": {
            "Drone1": {
              "description": "No description",
              "cost": 4.983596583530672,
              "memory": 327680.0,
              "number": 1
            }
          },
          "response_time": 0.15884096616128715
        },
        "h4": {
          "computationallayer1": {
            "Drone1": {
              "description": "No description",
              "cost": 4.983596583530672,
              "memory": 327680.0,
              "number": 1
            }
          },
          "response_time": 0.15184214127745005
        },
        "h5": {
          "computationallayer1": {
            "Drone1": {
              "description": "No description",
              "cost": 4.983596583530672,
              "memory": 327680.0,
              "number": 1
            }
          },
          "response_time": 0.15504572361085728
        }
      },
      "response_time": 0.16868986048836845,
      "response_time_threshold": "inf"
    },
    "c2": {
      "s1": {
        "h1": {
          "computationallayer2": {
            "EN4": {
              "description": "No description",
              "cost": 13.336060415915087,
              "memory": 327680.0,
              "number": 2
            }
          },
          "response_time": 7.255101671092037
        }
      },
      "response_time": 7.255101671092037,
      "response_time_threshold": 7.762052273917244
    },
    "c3": {
      "s1": {
        "h1": {
          "computationallayer1": {
            "Drone1": {
              "description": "No description",
              "cost": 4.983596583530672,
              "memory": 327680.0,
              "number": 1
            }
          },
          "response_time": 4.2588403638222765
        }
      },
      "response_time": 4.2588403638222765,
      "response_time_threshold": "inf"
    },
    "c4": {
      "s2": {
        "h2": {
          "computationallayer2": {
            "EN4": {
              "description": "No description",
              "cost": 13.336060415915087,
              "memory": 327680.0,
              "number": 2
            }
          },
          "response_time": 2.805801111077215
        },
        "h3": {
          "computationallayer2": {
            "EN4": {
              "description": "No description",
              "cost": 13.336060415915087,
              "memory": 327680.0,
              "number": 2
            }
          },
          "response_time": 3.0234732180491353
        },
        "h4": {
          "computationallayer2": {
            "EN4": {
              "description": "No description",
              "cost": 13.336060415915087,
              "memory": 327680.0,
              "number": 2
            }
          },
          "response_time": 2.9536606630597597
        },
        "h5": {
          "computationallayer2": {
            "EN4": {
              "description": "No description",
              "cost": 13.336060415915087,
              "memory": 327680.0,
              "number": 2
            }
          },
          "response_time": 2.9378371160587493
        }
      },
      "response_time": 7.392478489889668,
      "response_time_threshold": 8.155848267060382
    },
    "c5": {
      "s2": {
        "h2": {
          "computationallayer2": {
            "EN4": {
              "description": "No description",
              "cost": 13.336060415915087,
              "memory": 327680.0,
              "number": 2
            }
          },
          "response_time": 3.0578966717782152
        },
        "h3": {
          "computationallayer2": {
            "EN4": {
              "description": "No description",
              "cost": 13.336060415915087,
              "memory": 327680.0,
              "number": 2
            }
          },
          "response_time": 3.2768204517594737
        },
        "h4": {
          "computationallayer2": {
            "EN4": {
              "description": "No description",
              "cost": 13.336060415915087,
              "memory": 327680.0,
              "number": 2
            }
          },
          "response_time": 3.2312804889076796
        },
        "h5": {
          "computationallayer2": {
            "EN4": {
              "description": "No description",
              "cost": 13.336060415915087,
              "memory": 327680.0,
              "number": 2
            }
          },
          "response_time": 3.338960289522354
        }
      },
      "response_time": 6.827677693256809,
      "response_time_threshold": 9.384403593615442
    },
    "c6": {
      "s1": {
        "h1": {
          "computationallayer5": {
            "VM6": {
              "description": "No description",
              "cost": 1.7284473817049997,
              "memory": 327680.0,
              "number": 3
            }
          },
          "response_time": 0.7376100784327031
        }
      },
      "response_time": 0.7376100784327031,
      "response_time_threshold": "inf"
    },
    "c7": {
      "s1": {
        "h1": {
          "computationallayer5": {
            "VM6": {
              "description": "No description",
              "cost": 1.7284473817049997,
              "memory": 327680.0,
              "number": 3
            }
          },
          "response_time": 1.5385530039902235
        }
      },
      "response_time": 1.5385530039902235,
      "response_time_threshold": "inf"
    },
    "c8": {
      "s1": {
        "h1": {
          "computationallayer5": {
            "VM6": {
              "description": "No description",
              "cost": 1.7284473817049997,
              "memory": 327680.0,
              "number": 3
            }
          },
          "response_time": 0.6082327120597203
        }
      },
      "response_time": 0.6082327120597203,
      "response_time_threshold": "inf"
    },
    "c9": {
      "s1": {
        "h1": {
          "computationallayer5": {
            "VM6": {
              "description": "No description",
              "cost": 1.7284473817049997,
              "memory": 327680.0,
              "number": 3
            }
          },
          "response_time": 0.7222078082530563
        }
      },
      "response_time": 0.7222078082530563,
      "response_time_threshold": "inf"
    },
    "c10": {
      "s1": {
        "h1": {
          "computationallayer5": {
            "VM6": {
              "description": "No description",
              "cost": 1.7284473817049997,
              "memory": 327680.0,
              "number": 3
            }
          },
          "response_time": 1.2473896346924032
        }
      },
      "response_time": 1.2473896346924032,
      "response_time_threshold": 7.537125047641562
    }
  },
  "global_constraints": {
    "p1": {
      "components": [
        "c9",
        "c10"
      ],
      "global_res_time": 19.676034871038787,
      "path_response_time": 1.9695974429454595
    },
    "p2": {
      "components": [
        "c2",
        "c4",
        "c7"
      ],
      "global_res_time": 16.640987781048974,
      "path_response_time": 16.191133164971927
    },
    "p3": {
      "components": [
        "c4",
        "c5",
        "c6"
      ],
      "global_res_time": 19.876194235379742,
      "path_response_time": 14.96476626157918
    },
    "p4": {
      "components": [
        "c7",
        "c9"
      ],
      "global_res_time": 19.35796498665723,
      "path_response_time": 2.26076081224328
    }
  },
  "total_cost": "20.048104381150758"
}