{
    "Costs": [
        2.8020640981775102,
        1.2979891694021943,
        1.3685112489090545,
        1.624382599836774,
        2.116767406973002,
        2.10123178202396,
        2.121877484383148,
        1.7555399477341531,
        1.388431621280995,
        1.3169275269051985,
        1.2886418112744105,
        1.2361189009706903,
        1.205369717859165,
        1.2044347610670214,
        1.2315673081283598,
        1.287316476382882,
        1.3179006691271282,
        1.4184211060826568,
        2.068085354545011,
        2.249982820612295,
        2.3442245150852563,
        2.3255689706054627,
        2.152197090949706,
        1.618396219931076,
        1.3653010252898996
    ],
    "FractionCostByRes": {
        "Edge": [
            0.6753915532719413,
            0.8480504478244988,
            0.8097820467312833,
            0.83661204240602,
            0.746832235225201,
            0.7607159663975052,
            0.7461191910727316,
            0.8007769022485709,
            0.7995123790596518,
            0.8349463538404228,
            0.8533082291664312,
            0.880187669266094,
            0.8969727481541373,
            0.8975193135472418,
            0.8825373241280399,
            0.8540465569171196,
            0.834310100721563,
            0.819574661349799,
            0.7624571614081836,
            0.7637017526472345,
            0.7349561890637273,
            0.7397568996549462,
            0.7677369008124174,
            0.8365903943523811,
            0.8112019409118846
        ],
        "FaaS": [
            0.032105959701630146,
            0.025405543302158395,
            0.06367394439537391,
            0.04320429403190381,
            0.06168758201719704,
            0.04929076547786513,
            0.03923266962245685,
            0.03694201175128152,
            0.016768235505832424,
            0.038509637286234306,
            0.060085699481064646,
            0.0754333019346993,
            0.05864822304665599,
            0.058101657653551464,
            0.07308364707275336,
            0.05934737173037628,
            0.0391458904050942,
            0.03784028599622815,
            0.04233651048027831,
            0.06219117330776434,
            0.0734590999092966,
            0.02709596485460312,
            0.052636215820401386,
            0.043209659242446755,
            0.06225405021477263
        ],
        "VM": [
            0.29250248702642845,
            0.1265440088733428,
            0.1265440088733428,
            0.12018366356207622,
            0.19148018275760184,
            0.18999326812462972,
            0.21464813930481147,
            0.1622810860001475,
            0.18371938543451571,
            0.1265440088733428,
            0.086606071352504,
            0.04437902879920669,
            0.04437902879920669,
            0.04437902879920669,
            0.04437902879920669,
            0.086606071352504,
            0.1265440088733428,
            0.1425850526539728,
            0.19520632811153796,
            0.1741070740450011,
            0.19158471102697613,
            0.2331471354904507,
            0.1796268833671813,
            0.120199946405172,
            0.1265440088733428
        ]
    },
    "GlobalConstraints": {
        "p1": {
            "response_time": [
                0.0,
                8.661150254717132,
                14.726687617126526,
                32.87508423079516,
                32.91550657682751,
                17.411314588819337,
                31.140869661321695,
                25.06377289540476,
                18.55669908524265,
                21.52328627377131,
                5.913082570909012,
                3.8583734542111943,
                3.582249505945481,
                3.5728684957877546,
                3.887233198990786,
                5.690162144085051,
                32.43195253084802,
                38.60959916010691,
                31.135941776357733,
                49.90559690762647,
                35.02226288101314,
                26.648960399424958,
                34.88761059186307,
                24.330774176278474,
                14.675617024126154
            ]
        },
        "p2": {
            "response_time": [
                0.0,
                9.616407878074808,
                23.980180144429138,
                33.59678492464032,
                29.42214321257871,
                24.5595299989963,
                20.851613684610214,
                27.66569591218437,
                24.802772989073596,
                23.65154569433074,
                6.374960303124339,
                3.795666991734927,
                3.4097048464786575,
                3.397825220962306,
                3.7966486459293747,
                5.998272541225994,
                26.48999637592533,
                32.139409155324984,
                32.19022916719307,
                27.85975563547762,
                20.855909999946707,
                25.24446063863035,
                37.72419885584857,
                24.171842536541014,
                17.637361091268307
            ]
        },
        "p3": {
            "response_time": [
                0.0,
                12.574048759356762,
                22.33963338418863,
                29.18173546005182,
                39.39656834149543,
                21.481034210817153,
                33.71998349009625,
                31.304613531833542,
                27.02289787000683,
                23.22166566151326,
                6.4787133009286695,
                4.036531468747309,
                3.5854456016770464,
                3.574430539620247,
                3.945933122975704,
                6.272665885855849,
                40.351131847054496,
                43.44882295620799,
                30.44981729406477,
                27.891738748353372,
                32.63296468642244,
                22.265254133179265,
                45.53746023437947,
                26.640280544737372,
                18.032496528454033
            ]
        },
        "p4": {
            "response_time": [
                0.0,
                10.764675374565375,
                16.93994756693273,
                32.462621762766176,
                35.00140605215476,
                20.135330221858908,
                25.45536521824441,
                28.60515670061198,
                20.99574828600702,
                22.1654871272859,
                7.231308891344142,
                4.762618629886723,
                4.188942762140532,
                4.177613766142139,
                4.556902869852178,
                6.406047412334653,
                37.30312276202497,
                41.8745309917365,
                39.125696279168,
                42.15222303087067,
                39.06342526568985,
                32.92116757066114,
                35.62158607224754,
                26.681374585577448,
                15.858434810445269
            ]
        }
    },
    "NumberActiveResources": {
        "Edge": [
            2.9,
            2.0,
            2.0,
            2.5,
            2.8,
            2.7,
            2.8,
            2.6,
            2.1,
            2.1,
            2.1,
            2.1,
            2.1,
            2.1,
            2.1,
            2.1,
            2.1,
            2.2,
            2.8,
            2.9,
            2.9,
            2.9,
            2.8,
            2.5,
            2.0
        ],
        "FaaS": [
            0.8,
            0.7,
            0.9,
            0.6,
            0.9,
            0.8,
            0.7,
            0.7,
            0.4,
            0.9,
            1.4,
            1.6,
            1.6,
            1.6,
            1.6,
            1.4,
            0.9,
            0.6,
            0.8,
            1.0,
            0.9,
            0.6,
            1.0,
            0.6,
            0.9
        ],