{
    "Costs": [
        1.58370845796527,
        1.2805592557372993,
        1.3764173842848386,
        1.443944510138952,
        1.4990124734511325,
        1.5330918876703394,
        1.5302520612760004,
        1.4902052197074085,
        1.3946951710744713,
        1.3181083319130897,
        1.2701645343695611,
        1.2158376871977503,
        1.1870825470242063,
        1.186081781469596,
        1.2119071488731392,
        1.268663859131652,
        1.3203793700154298,
        1.4004300147325528,
        1.4968797176291255,
        1.5373554502954012,
        1.58370845796527,
        1.5382871162314167,
        1.5278010363169439,
        1.4423810278399396,
        1.3742600109077983
    ],
    "FractionCostByRes": {
        "Edge": [
            0.7529646000043859,
            0.8654631149018451,
            0.8078564060178977,
            0.8075540555118259,
            0.783157456155219,
            0.7718874127650762,
            0.7730267317699472,
            0.7876105479482548,
            0.7958540509784597,
            0.8412753063661491,
            0.872682213272155,
            0.9084680028523795,
            0.9292798581082534,
            0.9300186440181595,
            0.9112546823399489,
            0.8736725549332262,
            0.839898430067654,
            0.7922638353968487,
            0.7842111688446869,
            0.7703341418718097,
            0.7529646000043859,
            0.7700937150095042,
            0.7740459450630243,
            0.8084213623450148,
            0.8093324342798948
        ],
        "FaaS": [
            0.0,
            0.06044367770848115,
            0.05353850388559643,
            0.06853018838235517,
            0.05286968174799963,
            0.03580036698800719,
            0.034559060468717914,
            0.04841658995496395,
            0.0655408589250345,
            0.08463148624417735,
            0.053224579338171284,
            0.07728164320614425,
            0.07072014189174651,
            0.06998135598184059,
            0.07449496371857486,
            0.10117635576875683,
            0.08600836254267229,
            0.06913107450664535,
            0.05181596905853183,
            0.011780376731505249,
            0.0,
            0.012096789463565042,
            0.06444055724590658,
            0.06766288154916608,
            0.05206247562359947
        ],
        "VM": [
            0.24703539999561416,
            0.0740932073896738,
            0.13860509009650596,
            0.12391575610581917,
            0.16397286209678136,
            0.1923122202469166,
            0.19241420776133503,
            0.16397286209678136,
            0.13860509009650596,
            0.0740932073896738,
            0.0740932073896738,
            0.014250353941476354,
            0.0,
            0.0,
            0.014250353941476354,
            0.025151089298016988,
            0.0740932073896738,
            0.13860509009650596,
            0.16397286209678136,
            0.21788548139668507,
            0.24703539999561416,
            0.21780949552693088,
            0.16151349769106918,
            0.12391575610581917,
            0.13860509009650596
        ]
    },
    "GlobalConstraints": {
        "p1": {
            "response_time": [
                0.0,
                2.7028287224472525,
                4.053473735748758,
                22.407079247246564,
                9.196268577863774,
                23.35261902668288,
                16.37299533896864,
                9.288892547142932,
                4.497405901551094,
                4.843713217450308,
                2.423662638279973,
                2.5027999400336975,
                2.691149923400357,
                2.7377176987551217,
                2.369846841856611,
                2.5678216969847183,
                6.733600818694802,
                4.8055915094023085,
                6.505674286306795,
                13.578632925324587,
                17.091634655085162,
                19.75853828187156,
                9.997677846772348,
                12.35113439757378,
                3.407234573255374
            ]
        },
        "p2": {
            "response_time": [
                0.0,
                4.0566900609002525,
                6.565401375699471,
                30.90155954461697,
                11.678970933960006,
                29.005246526183406,
                16.16138686816489,
                11.371785274575787,
                5.981525255016374,
                5.971065767588626,
                3.6778118539719684,
                3.6631230824260053,
                3.4357285041863954,
                3.481907447961812,
                3.5250533999226144,
                4.099198993965022,
                7.529369611504761,
                6.872594775826464,
                8.26156840056858,
                19.589406527917493,
                29.084069808863717,
                21.923101993426947,
                15.235789111494233,
                16.51320049777087,
                5.549742022505967
            ]
        },
        "p3": {
            "response_time": [
                0.0,
                3.0270934420627675,
                4.150992033046831,
                16.647202945356895,
                8.416851851951897,
                15.56230277251735,
                13.87142386787367,
                9.916023299856176,
                4.055679638599083,
                6.181533346320563,
                2.621269149260164,
                2.614329286931252,
                2.8033224537778123,
                2.8459323315865666,
                2.496170045605102,
                2.7742956887430847,
                9.725522195151829,
                5.129035382813187,
                6.48603361675224,
                13.215638246354297,
                8.69701128267801,
                20.303683980564145,
                12.770575194602637,
                10.135837889730109,
                3.6553214166766326
            ]
        }
    },
    "NumberActiveResources": {
        "Edge": [
            2.1,
            2.0,
            2.0,
            2.1,
            2.1,
            2.1,
            2.1,
            2.1,
            2.0,
            2.0,
            2.0,
            2.0,
            2.0,
            2.0,
            2.0,
            2.0,
            2.0,
            2.0,
            2.1,
            2.1,
            2.1,
            2.1,
            2.1,
            2.1,
            2.0
        ],
        "FaaS": [
            0.0,
            0.8,
            0.6,
            0.6,
            0.4,
            0.4,
            0.4,
            0.4,
            0.6,
            0.8,
            0.8,
            1.1,
            1.3,
            1.3,
            1.1,
            1.0,
            0.8,
            0.6,
            0.4,
            0.1,
            0.0,
            0.1,
            0.5,
            0.6,
            0.6
        ],
        "VM": [
            1.2,
            0.4,
            0.6,
            0.6,
            0.8,
            0.9,
            0.9,
            0.8,
            0.6,
            0.4,
            0.4,
            0.1,
            0.0,
            0.0,
            0.1,
            0.2,
            0.4,
            0.6,
            0.8,
            1.0,
            1.2,
            1.0,
            0.8,
            0.6,
            0.6
        ]
    },