{
  "Lambda": 1.8,
  "components": {
    "c1": {
      "s1": {
        "h1": {
          "computationallayer1": {
            "Drone1": {
              "description": "No description",
              "cost": 4.047405495461085,
              "memory": 229376.0,
              "number": 1
            }
          },
          "response_time": 0.27314251060984224
        }
      },
      "response_time": 0.27314251060984224,
      "response_time_threshold": "inf"
    },
    "c2": {
      "s1": {
        "h1": {
          "computationallayer2": {
            "EN3": {
              "description": "No description",
              "cost": 15.243619745714856,
              "memory": 229376.0,
              "number": 2
            }
          },
          "response_time": 19.91015959881541
        }
      },
      "response_time": 19.91015959881541,
      "response_time_threshold": 70.02342679421527
    },
    "c3": {
      "s3": {
        "h4": {
          "computationallayer2": {
            "EN3": {
              "description": "No description",
              "cost": 15.243619745714856,
              "memory": 229376.0,
              "number": 2
            }
          },
          "response_time": 8.927456379950161
        },
        "h5": {
          "computationallayer2": {
            "EN3": {
              "description": "No description",
              "cost": 15.243619745714856,
              "memory": 229376.0,
              "number": 2
            }
          },
          "response_time": 9.77885411770355
        },
        "h6": {
          "computationallayer2": {
            "EN3": {
              "description": "No description",
              "cost": 15.243619745714856,
              "memory": 229376.0,
              "number": 2
            }
          },
          "response_time": 9.017503027436126
        }
      },
      "response_time": 9.701507594352778,
      "response_time_threshold": 98.9658793767559
    },
    "c4": {
      "s1": {
        "h1": {
          "computationallayer3": {
            "VM1": {
              "description": "No description",
              "cost": 0.9955882292346114,
              "memory": 229376.0,
              "number": 2
            }
          },
          "response_time": 1.4341961073818457
        }
      },
      "response_time": 1.4341961073818457,
      "response_time_threshold": "inf"
    },
    "c5": {
      "s1": {
        "h1": {
          "computationallayer3": {
            "VM1": {
              "description": "No description",
              "cost": 0.9955882292346114,
              "memory": 229376.0,
              "number": 2
            }
          },
          "response_time": 1.8524766790307612
        }
      },
      "response_time": 1.8524766790307612,
      "response_time_threshold": "inf"
    },
    "c6": {
      "s1": {
        "h1": {
          "computationallayer3": {
            "VM1": {
              "description": "No description",
              "cost": 0.9955882292346114,
              "memory": 229376.0,
              "number": 2
            }
          },
          "response_time": 1.231503120812116
        }
      },
      "response_time": 1.231503120812116,
      "response_time_threshold": 74.43181035018341
    },
    "c7": {
      "s1": {
        "h1": {
          "computationallayer5": {
            "F15": {
              "description": "No description",
              "cost": 0.021618694428608753,
              "memory": 229376.0,
              "idle_time_before_kill": 600.0,
              "transition_cost": 0.0
            }
          },
          "response_time": 2.86969275385927
        }
      },
      "response_time": 2.86969275385927,
      "response_time_threshold": "inf"
    }
  },
  "global_constraints": {
    "p1": {
      "components": [
        "c2",
        "c3",
        "c4"
      ],
      "global_res_time": 195.90916502464108,
      "path_response_time": 31.051863300550032
    },
    "p2": {
      "components": [
        "c2",
        "c5",
        "c7"
      ],
      "global_res_time": 182.46492744291942,
      "path_response_time": 24.644329031705443
    },
    "p3": {
      "components": [
        "c1",
        "c2",
        "c5",
        "c7"
      ],
      "global_res_time": 174.33835567656178,
      "path_response_time": 24.920971542315282
    }
  },
  "total_cost": "20.398227336038797"
}