{
  "Lambda": 1.8,
  "components": {
    "c1": {
      "s1": {
        "h1": {
          "computationallayer1": {
            "Drone1": {
              "description": "No description",
              "cost": 4.018288277344192,
              "memory": 163840.0,
              "number": 1
            }
          },
          "response_time": 0.28953291183648444
        }
      },
      "response_time": 0.28953291183648444,
      "response_time_threshold": 134.5448458758462
    },
    "c2": {
      "s2": {
        "h2": {
          "computationallayer2": {
            "EN1": {
              "description": "No description",
              "cost": 7.500288629889935,
              "memory": 163840.0,
              "number": 1
            }
          },
          "response_time": 0.7464282887960124
        },
        "h3": {
          "computationallayer2": {
            "EN1": {
              "description": "No description",
              "cost": 7.500288629889935,
              "memory": 163840.0,
              "number": 1
            }
          },
          "response_time": 0.7053125868323782
        }
      },
      "response_time": 0.8669331255292058,
      "response_time_threshold": 138.22962851202493
    },
    "c3": {
      "s2": {
        "h2": {
          "computationallayer2": {
            "EN1": {
              "description": "No description",
              "cost": 7.500288629889935,
              "memory": 163840.0,
              "number": 1
            }
          },
          "response_time": 0.535620872488228
        },
        "h3": {
          "computationallayer2": {
            "EN1": {
              "description": "No description",
              "cost": 7.500288629889935,
              "memory": 163840.0,
              "number": 1
            }
          },
          "response_time": 0.5342458653155332
        },
        "h4": {
          "computationallayer2": {
            "EN1": {
              "description": "No description",
              "cost": 7.500288629889935,
              "memory": 163840.0,
              "number": 1
            }
          },
          "response_time": 0.514455001541607
        },
        "h5": {
          "computationallayer2": {
            "EN1": {
              "description": "No description",
              "cost": 7.500288629889935,
              "memory": 163840.0,
              "number": 1
            }
          },
          "response_time": 0.5332044858494186
        }
      },
      "response_time": 0.8695809681627373,
      "response_time_threshold": "inf"
    },
    "c4": {
      "s1": {
        "h1": {
          "computationallayer3": {
            "VM3": {
              "description": "No description",
              "cost": 0.4401850304555974,
              "memory": 163840.0,
              "number": 2
            }
          },
          "response_time": 1.0680686374929975
        }
      },
      "response_time": 1.0680686374929975,
      "response_time_threshold": 100.79106214232782
    },
    "c5": {
      "s1": {
        "h1": {
          "computationallayer3": {
            "VM3": {
              "description": "No description",
              "cost": 0.4401850304555974,
              "memory": 163840.0,
              "number": 2
            }
          },
          "response_time": 0.6659404804937293
        }
      },
      "response_time": 0.6659404804937293,
      "response_time_threshold": "inf"
    }
  },
  "global_constraints": {
    "p1": {
      "components": [
        "c1",
        "c2"
      ],
      "global_res_time": 320.8712557000694,
      "path_response_time": 1.1599660373656902
    },
    "p2": {
      "components": [
        "c2",
        "c3"
      ],
      "global_res_time": 319.64672550484556,
      "path_response_time": 1.7365140936919432
    },
    "p3": {
      "components": [
        "c1",
        "c4",
        "c5"
      ],
      "global_res_time": 388.45368033197246,
      "path_response_time": 2.0315420298232114
    }
  },
  "total_cost": "11.958761937689724"
}