{
  "Lambda": 1.8,
  "components": {
    "c1": {
      "s1": {
        "h1": {
          "computationallayer1": {
            "Drone1": {
              "description": "No description",
              "cost": 1.533448490605175,
              "memory": 229376.0,
              "number": 1
            }
          },
          "response_time": 0.12314262698369491
        }
      },
      "response_time": 0.12314262698369491,
      "response_time_threshold": 1.93176175538263
    },
    "c2": {
      "s1": {
        "h1": {
          "computationallayer2": {
            "EN1": {
              "description": "No description",
              "cost": 0.599876277065279,
              "memory": 229376.0,
              "number": 1
            }
          },
          "response_time": 0.16163725199780368
        }
      },
      "response_time": 0.16163725199780368,
      "response_time_threshold": 1.792892448180702
    },
    "c3": {
      "s1": {
        "h1": {
          "computationallayer3": {
            "VM2": {
              "description": "No description",
              "cost": 1.5309702088817418,
              "memory": 229376.0,
              "number": 1
            }
          },
          "response_time": 1.235815346162857
        }
      },
      "response_time": 1.235815346162857,
      "response_time_threshold": "inf"
    },
    "c4": {
      "s1": {
        "h1": {
          "computationallayer3": {
            "VM2": {
              "description": "No description",
              "cost": 1.5309702088817418,
              "memory": 229376.0,
              "number": 1
            }
          },
          "response_time": 0.8824634072899785
        }
      },
      "response_time": 0.8824634072899785,
      "response_time_threshold": 1.799916106454906
    },
    "c5": {
      "s1": {
        "h1": {
          "computationallayer3": {
            "VM2": {
              "description": "No description",
              "cost": 1.5309702088817418,
              "memory": 229376.0,
              "number": 1
            }
          },
          "response_time": 1.0761573287856872
        }
      },
      "response_time": 1.0761573287856872,
      "response_time_threshold": 1.437831764098487
    },
    "c6": {
      "s1": {
        "h1": {
          "computationallayer3": {
            "VM2": {
              "description": "No description",
              "cost": 1.5309702088817418,
              "memory": 229376.0,
              "number": 1
            }
          },
          "response_time": 0.8862001070254274
        }
      },
      "response_time": 0.8862001070254274,
      "response_time_threshold": 1.469098809051298
    },
    "c7": {
      "s2": {
        "h2": {
          "computationallayer3": {
            "VM2": {
              "description": "No description",
              "cost": 1.5309702088817418,
              "memory": 229376.0,
              "number": 1
            }
          },
          "response_time": 0.6226549268744898
        },
        "h3": {
          "computationallayer3": {
            "VM2": {
              "description": "No description",
              "cost": 1.5309702088817418,
              "memory": 229376.0,
              "number": 1
            }
          },
          "response_time": 0.6268661103006301
        }
      },
      "response_time": 1.0859221593532884,
      "response_time_threshold": "inf"
    }
  },
  "global_constraints": {
    "p1": {
      "components": [
        "c1",
        "c2"
      ],
      "global_res_time": 2.572335055929248,
      "path_response_time": 0.2882798789814986
    },
    "p2": {
      "components": [
        "c3",
        "c4",
        "c5"
      ],
      "global_res_time": 3.224182960103924,
      "path_response_time": 3.1944360822385223
    },
    "p3": {
      "components": [
        "c4",
        "c5",
        "c6"
      ],
      "global_res_time": 3.212431722542235,
      "path_response_time": 2.844820843101093
    }
  },
  "total_cost": "3.6642949765521964"
}