{
  "Lambda": 1.8,
  "components": {
    "c1": {
      "s3": {
        "h6": {
          "computationallayer1": {
            "Drone1": {
              "description": "No description",
              "cost": 4.493090718402959,
              "memory": 327680.0,
              "number": 1
            }
          },
          "response_time": 0.16539310081735728
        },
        "h7": {
          "computationallayer1": {
            "Drone1": {
              "description": "No description",
              "cost": 4.493090718402959,
              "memory": 327680.0,
              "number": 1
            }
          },
          "response_time": 0.17345805227627342
        },
        "h8": {
          "computationallayer1": {
            "Drone1": {
              "description": "No description",
              "cost": 4.493090718402959,
              "memory": 327680.0,
              "number": 1
            }
          },
          "response_time": 0.1700773894104764
        }
      },
      "response_time": 0.4082246434094301,
      "response_time_threshold": "inf"
    },
    "c2": {
      "s2": {
        "h2": {
          "computationallayer3": {
            "EN6": {
              "description": "No description",
              "cost": 7.0114913667800085,
              "memory": 327680.0,
              "number": 1
            }
          },
          "response_time": 2.058201780753714
        },
        "h3": {
          "computationallayer2": {
            "EN3": {
              "description": "No description",
              "cost": 7.806043190994539,
              "memory": 327680.0,
              "number": 1
            }
          },
          "response_time": 1.33947272077531
        }
      },
      "response_time": 2.188547675838218,
      "response_time_threshold": 7.919591906790576
    },
    "c3": {
      "s2": {
        "h2": {
          "computationallayer1": {
            "Drone1": {
              "description": "No description",
              "cost": 4.493090718402959,
              "memory": 327680.0,
              "number": 1
            }
          },
          "response_time": 2.6210149807894063
        },
        "h3": {
          "computationallayer2": {
            "EN3": {
              "description": "No description",
              "cost": 7.806043190994539,
              "memory": 327680.0,
              "number": 1
            }
          },
          "response_time": 1.1879010430615484
        }
      },
      "response_time": 3.1589444904714274,
      "response_time_threshold": "inf"
    },
    "c4": {
      "s2": {
        "h2": {
          "computationallayer2": {
            "EN3": {
              "description": "No description",
              "cost": 7.806043190994539,
              "memory": 327680.0,
              "number": 1
            }
          },
          "response_time": 0.9719343079915603
        },
        "h3": {
          "computationallayer2": {
            "EN3": {
              "description": "No description",
              "cost": 7.806043190994539,
              "memory": 327680.0,
              "number": 1
            }
          },
          "response_time": 0.9353603738213752
        }
      },
      "response_time": 1.6242259717000291,
      "response_time_threshold": 8.835145968695384
    },
    "c5": {
      "s2": {
        "h2": {
          "computationallayer2": {
            "EN3": {
              "description": "No description",
              "cost": 7.806043190994539,
              "memory": 327680.0,
              "number": 1
            }
          },
          "response_time": 0.523138533501642
        },
        "h3": {
          "computationallayer3": {
            "EN6": {
              "description": "No description",
              "cost": 7.0114913667800085,
              "memory": 327680.0,
              "number": 1
            }
          },
          "response_time": 1.2888287663954525
        },
        "h4": {
          "computationallayer3": {
            "EN6": {
              "description": "No description",
              "cost": 7.0114913667800085,
              "memory": 327680.0,
              "number": 1
            }
          },
          "response_time": 1.340510760244053
        },
        "h5": {
          "computationallayer2": {
            "EN3": {
              "description": "No description",
              "cost": 7.806043190994539,
              "memory": 327680.0,
              "number": 1
            }
          },
          "response_time": 0.520418436929311
        }
      },
      "response_time": 1.7920374371103593,
      "response_time_threshold": 8.226205170955506
    },
    "c6": {
      "s1": {
        "h1": {
          "computationallayer5": {
            "VM5": {
              "description": "No description",
              "cost": 2.877382396168471,
              "memory": 327680.0,
              "number": 1
            }
          },
          "response_time": 0.8569830215983053
        }
      },
      "response_time": 0.8569830215983053,
      "response_time_threshold": "inf"
    },
    "c7": {
      "s1": {
        "h1": {
          "computationallayer4": {
            "VM1": {
              "description": "No description",
              "cost": 1.5553080857431236,
              "memory": 327680.0,
              "number": 2
            }
          },
          "response_time": 1.8466800681507145
        }
      },
      "response_time": 1.8466800681507145,
      "response_time_threshold": "inf"
    },
    "c8": {
      "s1": {
        "h1": {
          "computationallayer5": {
            "VM5": {
              "description": "No description",
              "cost": 2.877382396168471,
              "memory": 327680.0,
              "number": 1
            }
          },
          "response_time": 1.9371430305861923
        }
      },
      "response_time": 1.9371430305861923,
      "response_time_threshold": 8.93460370749006
    },
    "c9": {
      "s2": {
        "h2": {
          "computationallayer4": {
            "VM1": {
              "description": "No description",
              "cost": 1.5553080857431236,
              "memory": 327680.0,
              "number": 2
            }
          },
          "response_time": 0.7906509005149543
        },
        "h3": {
          "computationallayer5": {
            "VM5": {
              "description": "No description",
              "cost": 2.877382396168471,
              "memory": 327680.0,
              "number": 1
            }
          },
          "response_time": 0.8765468114397913
        },
        "h4": {
          "computationallayer5": {
            "VM5": {
              "description": "No description",
              "cost": 2.877382396168471,
              "memory": 327680.0,
              "number": 1
            }
          },
          "response_time": 0.7823852971139758
        }
      },
      "response_time": 1.2768133050638868,
      "response_time_threshold": "inf"
    },
    "c10": {
      "s1": {
        "h1": {
          "computationallayer4": {
            "VM1": {
              "description": "No description",
              "cost": 1.5553080857431236,
              "memory": 327680.0,
              "number": 2
            }
          },
          "response_time": 1.4504957788522386
        }
      },
      "response_time": 1.4504957788522386,
      "response_time_threshold": "inf"
    }
  },
  "global_constraints": {
    "p1": {
      "components": [
        "c6",
        "c7",
        "c8"
      ],
      "global_res_time": 17.40770719246508,
      "path_response_time": 4.653806120335212
    },
    "p2": {
      "components": [
        "c2",
        "c3",
        "c4",
        "c5",
        "c6",
        "c7"
      ],
      "global_res_time": 15.870080068607319,
      "path_response_time": 11.484918664869054
    },
    "p3": {
      "components": [
        "c2",
        "c4",
        "c6"
      ],
      "global_res_time": 18.83746502480913,