{
  "Lambda": 1.8,
  "components": {
    "c1": {
      "s1": {
        "h1": {
          "computationallayer1": {
            "Drone1": {
              "description": "No description",
              "cost": 4.983596583530672,
              "memory": 327680.0,
              "number": 1
            }
          },
          "response_time": 0.24659597861840132
        }
      },
      "response_time": 0.24659597861840132,
      "response_time_threshold": "inf"
    },
    "c2": {
      "s1": {
        "h1": {
          "computationallayer2": {
            "EN4": {
              "description": "No description",
              "cost": 13.336060415915087,
              "memory": 327680.0,
              "number": 2
            }
          },
          "response_time": 28.675719667105195
        }
      },
      "response_time": 28.675719667105195,
      "response_time_threshold": 77.62052273917244
    },
    "c3": {
      "s2": {
        "h2": {
          "computationallayer2": {
            "EN4": {
              "description": "No description",
              "cost": 13.336060415915087,
              "memory": 327680.0,
              "number": 2
            }
          },
          "response_time": 12.381325543374185
        },
        "h3": {
          "computationallayer2": {
            "EN4": {
              "description": "No description",
              "cost": 13.336060415915087,
              "memory": 327680.0,
              "number": 2
            }
          },
          "response_time": 12.86407084911484
        },
        "h4": {
          "computationallayer1": {
            "Drone1": {
              "description": "No description",
              "cost": 4.983596583530672,
              "memory": 327680.0,
              "number": 1
            }
          },
          "response_time": 0.5696684364302503
        },
        "h5": {
          "computationallayer2": {
            "EN4": {
              "description": "No description",
              "cost": 13.336060415915087,
              "memory": 327680.0,
              "number": 2
            }
          },
          "response_time": 12.71051049470275
        }
      },
      "response_time": 13.558208199360957,
      "response_time_threshold": "inf"
    },
    "c4": {
      "s2": {
        "h2": {
          "computationallayer2": {
            "EN4": {
              "description": "No description",
              "cost": 13.336060415915087,
              "memory": 327680.0,
              "number": 2
            }
          },
          "response_time": 11.089901940794157
        },
        "h3": {
          "computationallayer2": {
            "EN4": {
              "description": "No description",
              "cost": 13.336060415915087,
              "memory": 327680.0,
              "number": 2
            }
          },
          "response_time": 11.95024885278104
        },
        "h4": {
          "computationallayer2": {
            "EN4": {
              "description": "No description",
              "cost": 13.336060415915087,
              "memory": 327680.0,
              "number": 2
            }
          },
          "response_time": 11.674315399760475
        },
        "h5": {
          "computationallayer2": {
            "EN4": {
              "description": "No description",
              "cost": 13.336060415915087,
              "memory": 327680.0,
              "number": 2
            }
          },
          "response_time": 11.611772982229898
        }
      },
      "response_time": 29.218700223848607,
      "response_time_threshold": 81.55848267060381
    },
    "c5": {
      "s2": {
        "h2": {
          "computationallayer2": {
            "EN4": {
              "description": "No description",
              "cost": 13.336060415915087,
              "memory": 327680.0,
              "number": 2
            }
          },
          "response_time": 12.086307222995455
        },
        "h3": {
          "computationallayer2": {
            "EN4": {
              "description": "No description",
              "cost": 13.336060415915087,
              "memory": 327680.0,
              "number": 2
            }
          },
          "response_time": 12.951601360528976
        },
        "h4": {
          "computationallayer2": {
            "EN4": {
              "description": "No description",
              "cost": 13.336060415915087,
              "memory": 327680.0,
              "number": 2
            }
          },
          "response_time": 12.771605094785139
        },
        "h5": {
          "computationallayer2": {
            "EN4": {
              "description": "No description",
              "cost": 13.336060415915087,
              "memory": 327680.0,
              "number": 2
            }
          },
          "response_time": 13.197208472411052
        }
      },
      "response_time": 26.986330500273972,
      "response_time_threshold": 93.84403593615443
    },
    "c6": {
      "s1": {
        "h1": {
          "computationallayer5": {
            "VM6": {
              "description": "No description",
              "cost": 1.1522982544699998,
              "memory": 327680.0,
              "number": 2
            }
          },
          "response_time": 0.8905084330580716
        }
      },
      "response_time": 0.8905084330580716,
      "response_time_threshold": "inf"
    },
    "c7": {
      "s1": {
        "h1": {
          "computationallayer5": {
            "VM6": {
              "description": "No description",
              "cost": 1.1522982544699998,
              "memory": 327680.0,
              "number": 2
            }
          },
          "response_time": 1.8574779071231542
        }
      },
      "response_time": 1.8574779071231542,
      "response_time_threshold": "inf"
    },
    "c8": {
      "s3": {
        "h4": {
          "computationallayer6": {
            "F8": {
              "description": "No description",
              "cost": 0.738651326490237,
              "memory": 327680.0,
              "idle_time_before_kill": 600.0,
              "transition_cost": 0.0
            }
          },
          "response_time": 2.7418059521266986
        },
        "h5": {
          "computationallayer6": {
            "F9": {
              "description": "No description",
              "cost": 0.02897082760495895,
              "memory": 327680.0,
              "idle_time_before_kill": 600.0,
              "transition_cost": 0.0
            }
          },
          "response_time": 2.916476211164399
        },
        "h6": {
          "computationallayer4": {
            "VM2": {
              "description": "No description",
              "cost": 2.285781269509057,
              "memory": 327680.0,
              "number": 3
            }
          },
          "response_time": 0.2114999646179136
        },
        "h7": {
          "computationallayer6": {
            "F13": {
              "description": "No description",
              "cost": 0.9320595448674869,
              "memory": 327680.0,
              "idle_time_before_kill": 600.0,
              "transition_cost": 0.0
            }
          },
          "response_time": 2.696645161246594
        }
      },
      "response_time": 5.519393616889303,
      "response_time_threshold": "inf"
    },
    "c9": {
      "s2": {
        "h2": {
          "computationallayer5": {
            "VM6": {
              "description": "No description",
              "cost": 1.1522982544699998,
              "memory": 327680.0,
              "number": 2
            }
          },
          "response_time": 0.4769808998765879
        },
        "h3": {
          "computationallayer6": {
            "F19": {
              "description": "No description",
              "cost": 0.5759877107466256,
              "memory": 327680.0,
              "idle_time_before_kill": 600.0,
              "transition_cost": 0.0
            }
          },