{
    "Costs": [
        3.061990369621656,
        1.2229611663818618,
        1.2056612503556203,
        1.3083607400938118,
        1.3953240556079725,
        1.3442789919875093,
        1.371242326119787,
        1.3290213778028535,
        1.2229611663818618,
        1.2056612503556203,
        1.2056612503556203,
        1.199184414673668,
        1.184798990330797,
        1.1843615884606902,
        1.1970550379602958,
        1.2056612503556203,
        1.2056612503556203,
        1.2547045892828694,
        1.4568401022383786,
        1.4790108482247082,
        1.592289167712177,
        1.461731477821559,
        1.4002779226282938,
        1.297834249166613,
        1.2056612503556203
    ],
    "FractionCostByRes": {
        "Edge": [
            0.508821562639946,
            0.9017377330849758,
            0.9092247985663608,
            0.8589405650078497,
            0.8615738567441756,
            0.8397037793565609,
            0.8417579253136582,
            0.8528319799734334,
            0.9017377330849758,
            0.9092247985663608,
            0.9092247985663608,
            0.9133587134189135,
            0.9216240221963613,
            0.9218919342465905,
            0.9145193951038824,
            0.9092247985663608,
            0.9092247985663608,
            0.8870124659582472,
            0.8672475130236779,
            0.8101435430503307,
            0.8078846528867498,
            0.825982709335095,
            0.8578253103329525,
            0.8612930440742435,
            0.9092247985663608
        ],
        "FaaS": [
            0.11859212111964582,
            0.0,
            0.0,
            0.010337921115416208,
            0.013017373615325862,
            0.0,
            0.004710196622518121,
            0.013739351134827665,
            0.0,
            0.0,
            0.0,
            0.0362283761997045,
            0.027963067422256516,
            0.027695155372027536,
            0.03506769451473552,
            0.0,
            0.0,
            0.0,
            0.012445543370477019,
            0.04657123781255554,
            0.0540150886282829,
            0.02540280089860771,
            0.012571120499544137,
            0.021017263869482234,
            0.0
        ],
        "VM": [
            0.3725863162404082,
            0.09826226691502414,
            0.09077520143363937,
            0.1307215138767342,
            0.12540876964049869,
            0.16029622064343918,
            0.15353187806382368,
            0.13342866889173896,
            0.09826226691502414,
            0.09077520143363937,
            0.09077520143363937,
            0.05041291038138207,
            0.05041291038138207,
            0.05041291038138207,
            0.05041291038138207,
            0.09077520143363937,
            0.09077520143363937,
            0.11298753404175263,
            0.12030694360584522,
            0.14328521913711387,
            0.13810025848496738,
            0.14861448976629735,
            0.12960356916750343,
            0.1176896920562743,
            0.09077520143363937
        ]
    },
    "GlobalConstraints": {
        "p1": {
            "response_time": [
                0.0,
                5.173159571274795,
                12.555601224288782,
                37.90952851862328,
                23.333257931680624,
                44.20354826516227,
                28.329127459342722,
                23.562166893459143,
                34.192630805495796,
                9.65894042037774,
                4.417913533531624,
                3.966283390632062,
                3.6461396940689887,
                3.678913836169305,
                3.8556751237980977,
                4.367233122511384,
                10.29960751020712,
                35.87813624517425,
                22.20848888994558,
                41.696273046723846,
                52.45332444644225,
                33.822871479784276,
                26.826910249377256,
                52.861579040294046,
                21.28736868600302
            ]
        },
        "p2": {
            "response_time": [
                0.0,
                4.694164304313641,
                13.604794668421553,
                45.4882041178411,
                40.89800611538506,
                56.466774491127524,
                32.52776492445402,
                25.347034676828645,
                34.00923083476981,
                10.246142298607477,
                4.354870833075887,
                3.455142496882561,
                3.2483414007207694,
                3.182419693097556,
                3.40518612201715,
                4.413428960485521,
                11.308322782466897,
                35.86233575217813,
                33.25129383500595,
                26.105435190656596,
                44.85423863715156,
                33.33321223546145,
                41.75924957709959,
                48.42564653716046,
                16.609239501030057
            ]
        },
        "p3": {
            "response_time": [
                0.0,
                5.492854759406477,
                14.464663710775644,
                39.630858864214396,
                29.468469109592093,
                42.8178643731227,
                38.36090318212838,
                29.31971890390063,
                30.042004938808578,
                11.865788475854359,
                4.986876143008891,
                4.644505966794964,
                4.322374295047281,
                4.3086874257926056,
                4.620201763457125,
                5.047463667520077,
                12.362406547171197,
                46.958750700490356,
                32.74359116145755,
                39.90528900192676,
                45.506910356067195,
                38.965771814598334,
                25.45619286118166,
                38.70885021732816,
                30.409074244485282
            ]
        },
        "p4": {
            "response_time": [
                0.0,
                5.852697543599774,
                16.469435216528073,
                44.0885565296688,
                39.71230530734234,
                35.73217206318895,
                31.64327291834361,
                35.49880960125986,
                33.86635819925143,
                11.070222792394906,
                5.161891747210839,
                4.721907662560786,
                4.472155400861755,
                4.388209965720639,
                4.718064165557047,
                5.307291937877994,
                11.265680292761388,
                44.17301982749551,
                35.53577176006259,
                39.897688900053936,
                58.661240973985834,
                36.61330981843302,
                33.13361317529325,
                61.52323802181834,
                25.168149430841964
            ]
        },
        "p5": {
            "response_time": [
                0.0,
                4.779591148754978,
                12.997501432595982,
                31.569393033862433,
                32.9629744255292,
                50.45028685871555,
                31.76097625485928,
                21.102295172599305,
                27.597866296508084,
                9.888102513135957,
                4.180440630139288,
                3.903135289878203,
                3.7229488107334965,
                3.6333522748353717,
                3.885754917285417,
                4.214931905314564,
                10.396908242248074,
                34.55377305029722,
                31.488120409089056,
                20.813524945963533,
                47.736388324976375,
                31.14779619256307,
                32.98514702275675,
                50.23388292436049,
                22.810479971834837
            ]
        }
    },