{
  "Lambda": 1.8,
  "components": {
    "c1": {
      "s2": {
        "h2": {
          "computationallayer1": {
            "Drone1": {
              "description": "No description",
              "cost": 4.315297481172861,
              "memory": 163840.0,
              "number": 1
            }
          },
          "response_time": 0.05764329730125229
        },
        "h3": {
          "computationallayer1": {
            "Drone1": {
              "description": "No description",
              "cost": 4.315297481172861,
              "memory": 163840.0,
              "number": 1
            }
          },
          "response_time": 0.0599102163492299
        },
        "h4": {
          "computationallayer1": {
            "Drone1": {
              "description": "No description",
              "cost": 4.315297481172861,
              "memory": 163840.0,
              "number": 1
            }
          },
          "response_time": 0.06306284867034416
        },
        "h5": {
          "computationallayer1": {
            "Drone1": {
              "description": "No description",
              "cost": 4.315297481172861,
              "memory": 163840.0,
              "number": 1
            }
          },
          "response_time": 0.06031094026672292
        }
      },
      "response_time": 0.06739235233469901,
      "response_time_threshold": "inf"
    },
    "c2": {
      "s1": {
        "h1": {
          "computationallayer2": {
            "EN1": {
              "description": "No description",
              "cost": 13.03493268571931,
              "memory": 163840.0,
              "number": 2
            }
          },
          "response_time": 10.54312556214663
        }
      },
      "response_time": 10.54312556214663,
      "response_time_threshold": 11.08701213152513
    },
    "c3": {
      "s3": {
        "h5": {
          "computationallayer2": {
            "EN1": {
              "description": "No description",
              "cost": 13.03493268571931,
              "memory": 163840.0,
              "number": 2
            }
          },
          "response_time": 4.780235656143384
        },
        "h6": {
          "computationallayer2": {
            "EN1": {
              "description": "No description",
              "cost": 13.03493268571931,
              "memory": 163840.0,
              "number": 2
            }
          },
          "response_time": 4.5963281573050425
        },
        "h7": {
          "computationallayer2": {
            "EN1": {
              "description": "No description",
              "cost": 13.03493268571931,
              "memory": 163840.0,
              "number": 2
            }
          },
          "response_time": 4.214391572467168
        },
        "h8": {
          "computationallayer2": {
            "EN1": {
              "description": "No description",
              "cost": 13.03493268571931,
              "memory": 163840.0,
              "number": 2
            }
          },
          "response_time": 4.336023742156104
        }
      },
      "response_time": 7.3772580349258705,
      "response_time_threshold": "inf"
    },
    "c4": {
      "s2": {
        "h2": {
          "computationallayer3": {
            "VM2": {
              "description": "No description",
              "cost": 1.0966930375618404,
              "memory": 163840.0,
              "number": 2
            }
          },
          "response_time": 3.764306970727041
        },
        "h3": {
          "computationallayer3": {
            "VM2": {
              "description": "No description",
              "cost": 1.0966930375618404,
              "memory": 163840.0,
              "number": 2
            }
          },
          "response_time": 3.964319910692408
        },
        "h4": {
          "computationallayer3": {
            "VM2": {
              "description": "No description",
              "cost": 1.0966930375618404,
              "memory": 163840.0,
              "number": 2
            }
          },
          "response_time": 3.5661974357391575
        }
      },
      "response_time": 7.247305159379189,
      "response_time_threshold": 10.257440941520798
    },
    "c5": {
      "s1": {
        "h1": {
          "computationallayer3": {
            "VM2": {
              "description": "No description",
              "cost": 1.0966930375618404,
              "memory": 163840.0,
              "number": 2
            }
          },
          "response_time": 5.316965171665157
        }
      },
      "response_time": 5.316965171665157,
      "response_time_threshold": 10.156237811326308
    }
  },
  "global_constraints": {
    "p1": {
      "components": [
        "c1",
        "c4"
      ],
      "global_res_time": 25.241653959891515,
      "path_response_time": 7.321697511713888
    },
    "p2": {
      "components": [
        "c3",
        "c5"
      ],
      "global_res_time": 25.652517790895736,
      "path_response_time": 12.702223206591027
    },
    "p3": {
      "components": [
        "c2",
        "c3"
      ],
      "global_res_time": 39.30489943573484,
      "path_response_time": 17.9203835970725
    }
  },
  "total_cost": "18.446923204454013"
}