{
  "Lambda": 1.8,
  "components": {
    "c1": {
      "s3": {
        "h5": {
          "computationallayer1": {
            "Drone1": {
              "description": "No description",
              "cost": 4.2030319807878165,
              "memory": 491520.0,
              "number": 1
            }
          },
          "response_time": 0.11066161640919434
        },
        "h6": {
          "computationallayer1": {
            "Drone1": {
              "description": "No description",
              "cost": 4.2030319807878165,
              "memory": 491520.0,
              "number": 1
            }
          },
          "response_time": 0.11041540737507487
        },
        "h7": {
          "computationallayer1": {
            "Drone1": {
              "description": "No description",
              "cost": 4.2030319807878165,
              "memory": 491520.0,
              "number": 1
            }
          },
          "response_time": 0.11043409016261407
        },
        "h8": {
          "computationallayer1": {
            "Drone1": {
              "description": "No description",
              "cost": 4.2030319807878165,
              "memory": 491520.0,
              "number": 1
            }
          },
          "response_time": 0.10829131010328284
        }
      },
      "response_time": 0.2092621229684297,
      "response_time_threshold": "inf"
    },
    "c2": {
      "s1": {
        "h1": {
          "computationallayer1": {
            "Drone1": {
              "description": "No description",
              "cost": 4.2030319807878165,
              "memory": 491520.0,
              "number": 1
            }
          },
          "response_time": 0.297907859568094
        }
      },
      "response_time": 0.297907859568094,
      "response_time_threshold": 79.29679427425461
    },
    "c3": {
      "s3": {
        "h6": {
          "computationallayer3": {
            "EN6": {
              "description": "No description",
              "cost": 7.267432954581341,
              "memory": 491520.0,
              "number": 1
            }
          },
          "response_time": 0.8424640140075359
        },
        "h7": {
          "computationallayer3": {
            "EN6": {
              "description": "No description",
              "cost": 7.267432954581341,
              "memory": 491520.0,
              "number": 1
            }
          },
          "response_time": 0.8772486550740414
        },
        "h8": {
          "computationallayer3": {
            "EN6": {
              "description": "No description",
              "cost": 7.267432954581341,
              "memory": 491520.0,
              "number": 1
            }
          },
          "response_time": 0.8065412817372737
        }
      },
      "response_time": 1.3094019675635997,
      "response_time_threshold": "inf"
    },
    "c4": {
      "s3": {
        "h5": {
          "computationallayer1": {
            "Drone1": {
              "description": "No description",
              "cost": 4.2030319807878165,
              "memory": 491520.0,
              "number": 1
            }
          },
          "response_time": 0.9179548321817788
        },
        "h6": {
          "computationallayer1": {
            "Drone1": {
              "description": "No description",
              "cost": 4.2030319807878165,
              "memory": 491520.0,
              "number": 1
            }
          },
          "response_time": 0.9337950208280923
        },
        "h7": {
          "computationallayer3": {
            "EN6": {
              "description": "No description",
              "cost": 7.267432954581341,
              "memory": 491520.0,
              "number": 1
            }
          },
          "response_time": 0.7619978889938773
        },
        "h8": {
          "computationallayer1": {
            "Drone1": {
              "description": "No description",
              "cost": 4.2030319807878165,
              "memory": 491520.0,
              "number": 1
            }
          },
          "response_time": 0.8704403421525058
        }
      },
      "response_time": 1.184855565359234,
      "response_time_threshold": 94.5623677902792
    },
    "c5": {
      "s2": {
        "h2": {
          "computationallayer3": {
            "EN6": {
              "description": "No description",
              "cost": 7.267432954581341,
              "memory": 491520.0,
              "number": 1
            }
          },
          "response_time": 1.5577648911784494
        },
        "h3": {
          "computationallayer3": {
            "EN6": {
              "description": "No description",
              "cost": 7.267432954581341,
              "memory": 491520.0,
              "number": 1
            }
          },
          "response_time": 1.551718907666229
        }
      },
      "response_time": 2.7704366602561254,
      "response_time_threshold": "inf"
    },
    "c6": {
      "s2": {
        "h2": {
          "computationallayer3": {
            "EN6": {
              "description": "No description",
              "cost": 7.267432954581341,
              "memory": 491520.0,
              "number": 1
            }
          },
          "response_time": 0.9833412388607577
        },
        "h3": {
          "computationallayer3": {
            "EN6": {
              "description": "No description",
              "cost": 7.267432954581341,
              "memory": 491520.0,
              "number": 1
            }
          },
          "response_time": 0.9950200329764474
        },
        "h4": {
          "computationallayer3": {
            "EN6": {
              "description": "No description",
              "cost": 7.267432954581341,
              "memory": 491520.0,
              "number": 1
            }
          },
          "response_time": 1.0122922338159541
        },
        "h5": {
          "computationallayer3": {
            "EN6": {
              "description": "No description",
              "cost": 7.267432954581341,
              "memory": 491520.0,
              "number": 1
            }
          },
          "response_time": 1.0567517176503467
        }
      },
      "response_time": 2.24943486093167,
      "response_time_threshold": "inf"
    },
    "c7": {
      "s2": {
        "h2": {
          "computationallayer3": {
            "EN6": {
              "description": "No description",
              "cost": 7.267432954581341,
              "memory": 491520.0,
              "number": 1
            }
          },
          "response_time": 1.0455461983252266
        },
        "h3": {
          "computationallayer3": {
            "EN6": {
              "description": "No description",
              "cost": 7.267432954581341,
              "memory": 491520.0,
              "number": 1
            }
          },
          "response_time": 1.0314334872949567
        },
        "h4": {
          "computationallayer3": {
            "EN6": {
              "description": "No description",
              "cost": 7.267432954581341,
              "memory": 491520.0,
              "number": 1
            }
          },
          "response_time": 0.9657211676663496
        }
      },
      "response_time": 2.252421076058867,
      "response_time_threshold": 81.32846482624541
    },
    "c8": {
      "s2": {
        "h2": {
          "computationallayer3": {
            "EN6": {
              "description": "No description",
              "cost": 7.267432954581341,
              "memory": 491520.0,
              "number": 1
            }
          },
          "response_time": 1.3347193358851999
        },
        "h3": {
          "computationallayer3": {
            "EN6": {
              "description": "No description",
              "cost": 7.267432954581341,
              "memory": 491520.0,
              "number": 1
            }
          },
          "response_time": 1.4295679808750321
        }
      },