{
  "Lambda": 1.8,
  "components": {
    "c1": {
      "s1": {
        "h1": {
          "computationallayer1": {
            "Drone1": {
              "description": "No description",
              "cost": 1.533448490605175,
              "memory": 229376.0,
              "number": 1
            }
          },
          "response_time": 0.12314262698369491
        }
      },
      "response_time": 0.12314262698369491,
      "response_time_threshold": 1.93176175538263
    },
    "c2": {
      "s1": {
        "h1": {
          "computationallayer2": {
            "EN1": {
              "description": "No description",
              "cost": 2.599876277065279,
              "memory": 229376.0,
              "number": 1
            }
          },
          "response_time": 0.47709480241507635
        }
      },
      "response_time": 0.47709480241507635,
      "response_time_threshold": 1.792892448180702
    },
    "c3": {
      "s3": {
        "h6": {
          "computationallayer2": {
            "EN1": {
              "description": "No description",
              "cost": 2.599876277065279,
              "memory": 229376.0,
              "number": 1
            }
          },
          "response_time": 0.05115361558990569
        },
        "h7": {
          "computationallayer2": {
            "EN1": {
              "description": "No description",
              "cost": 2.599876277065279,
              "memory": 229376.0,
              "number": 1
            }
          },
          "response_time": 0.04564546508693335
        },
        "h8": {
          "computationallayer3": {
            "VM2": {
              "description": "No description",
              "cost": 1.5309702088817418,
              "memory": 229376.0,
              "number": 1
            }
          },
          "response_time": 0.20605958096856802
        }
      },
      "response_time": 0.09273277678789708,
      "response_time_threshold": "inf"
    },
    "c4": {
      "s1": {
        "h1": {
          "computationallayer3": {
            "VM2": {
              "description": "No description",
              "cost": 1.5309702088817418,
              "memory": 229376.0,
              "number": 1
            }
          },
          "response_time": 0.5349882226461545
        }
      },
      "response_time": 0.5349882226461545,
      "response_time_threshold": 1.799916106454906
    },
    "c5": {
      "s1": {
        "h1": {
          "computationallayer3": {
            "VM2": {
              "description": "No description",
              "cost": 1.5309702088817418,
              "memory": 229376.0,
              "number": 1
            }
          },
          "response_time": 0.65241401723698
        }
      },
      "response_time": 0.65241401723698,
      "response_time_threshold": 1.437831764098487
    },
    "c6": {
      "s1": {
        "h1": {
          "computationallayer3": {
            "VM2": {
              "description": "No description",
              "cost": 1.5309702088817418,
              "memory": 229376.0,
              "number": 1
            }
          },
          "response_time": 0.5372535747655917
        }
      },
      "response_time": 0.5372535747655917,
      "response_time_threshold": 1.469098809051298
    },
    "c7": {
      "s1": {
        "h1": {
          "computationallayer3": {
            "VM2": {
              "description": "No description",
              "cost": 1.5309702088817418,
              "memory": 229376.0,
              "number": 1
            }
          },
          "response_time": 0.7365414200981724
        }
      },
      "response_time": 0.7365414200981724,
      "response_time_threshold": "inf"
    }
  },
  "global_constraints": {
    "p1": {
      "components": [
        "c1",
        "c2"
      ],
      "global_res_time": 2.572335055929248,
      "path_response_time": 0.6037374293987712
    },
    "p2": {
      "components": [
        "c3",
        "c4",
        "c5"
      ],
      "global_res_time": 3.224182960103924,
      "path_response_time": 1.2801350166710317
    },
    "p3": {
      "components": [
        "c4",
        "c5",
        "c6"
      ],
      "global_res_time": 3.212431722542235,
      "path_response_time": 1.724655814648726
    }
  },
  "total_cost": "5.6642949765521955"
}