{
    "Lambda": 7.5,
    "components": {
        "c1": {
            "h1": {
                "computationallayer1": {
                    "Drone1": {
                        "cost": 1.533448490605175,
                        "description": "No description available",
                        "memory": 229376.0,
                        "number": 1
                    }
                },
                "response_time": 0.010904334838916754
            },
            "response_time": 0.010904334838916754,
            "response_time_threshold": 1.93176175538263
        },
        "c2": {
            "h2": {
                "computationallayer2": {
                    "EN1": {
                        "cost": 1.199752554130558,
                        "description": "No description available",
                        "memory": 229376.0,
                        "number": 2
                    }
                },
                "response_time": 0.8063128666240056
            },
            "h3": {
                "computationallayer2": {
                    "EN1": {
                        "cost": 1.199752554130558,
                        "description": "No description available",
                        "memory": 229376.0,
                        "number": 2
                    }
                },
                "response_time": 0.8807827506405193
            },
            "h4": {
                "computationallayer2": {
                    "EN1": {
                        "cost": 1.199752554130558,
                        "description": "No description available",
                        "memory": 229376.0,
                        "number": 2
                    }
                },
                "response_time": 0.9314896904710113
            },
            "response_time": 1.719196907107035,
            "response_time_threshold": 1.792892448180702
        },
        "c3": {
            "h6": {
                "computationallayer3": {
                    "VM3": {
                        "cost": 1.9913839356593663,
                        "description": "No description available",
                        "memory": 229376.0,
                        "number": 1
                    }
                },
                "response_time": 0.5548288301600458
            },
            "h7": {
                "computationallayer3": {
                    "VM3": {
                        "cost": 1.9913839356593663,
                        "description": "No description available",
                        "memory": 229376.0,
                        "number": 1
                    }
                },
                "response_time": 0.5473679489022626
            },
            "h8": {
                "computationallayer4": {
                    "F8": {
                        "cost": 0.34295876261444197,
                        "description": "No description available",
                        "idle_time_before_kill": 600.0,
                        "memory": 229376.0,
                        "transition_cost": 0.0
                    }
                },
                "response_time": 1.3815081248287606
            },
            "response_time": 0.8668070491723178,
            "response_time_threshold": null
        },
        "c4": {
            "h1": {
                "computationallayer4": {
                    "F9": {
                        "cost": 0.36651791745149487,
                        "description": "No description available",
                        "idle_time_before_kill": 600.0,
                        "memory": 229376.0,
                        "transition_cost": 0.0
                    }
                },
                "response_time": 1.013807531186202
            },
            "response_time": 1.013807531186202,
            "response_time_threshold": 1.799916106454906
        },
        "c5": {
            "h6": {
                "computationallayer3": {
                    "VM3": {
                        "cost": 1.9913839356593663,
                        "description": "No description available",
                        "memory": 229376.0,
                        "number": 1
                    }
                },
                "response_time": 0.44378824475410283
            },
            "h7": {
                "computationallayer3": {
                    "VM3": {
                        "cost": 1.9913839356593663,
                        "description": "No description available",
                        "memory": 229376.0,
                        "number": 1
                    }
                },
                "response_time": 0.4497709465051818
            },
            "h8": {
                "computationallayer3": {
                    "VM3": {
                        "cost": 1.9913839356593663,
                        "description": "No description available",
                        "memory": 229376.0,
                        "number": 1
                    }
                },
                "response_time": 0.452625286984054
            },
            "response_time": 0.7265982433725995,
            "response_time_threshold": 1.437831764098487
        },
        "c6": {
            "h1": {
                "computationallayer4": {
                    "F18": {
                        "cost": 0.06845347836481477,
                        "description": "No description available",
                        "idle_time_before_kill": 600.0,
                        "memory": 229376.0,
                        "transition_cost": 0.0
                    }
                },
                "response_time": 1.046136662564732
            },
            "response_time": 1.046136662564732,
            "response_time_threshold": 1.469098809051298
        },
        "c7": {
            "h2": {
                "computationallayer3": {
                    "VM3": {
                        "cost": 1.9913839356593663,
                        "description": "No description available",
                        "memory": 229376.0,
                        "number": 1
                    }
                },
                "response_time": 0.7647308228591868
            },
            "h3": {
                "computationallayer3": {
                    "VM3": {
                        "cost": 1.9913839356593663,
                        "description": "No description available",
                        "memory": 229376.0,
                        "number": 1
                    }
                },
                "response_time": 0.7628389234836497
            },
            "response_time": 1.3311945662224534,
            "response_time_threshold": 1.5
        }
    },
    "global_constraints": {
        "p1": {
            "components": [
                "c1",
                "c2"
            ],
            "path_response_time": 1.7336012419459517,
            "path_response_time_threshold": 2.572335055929248
        },
        "p2": {
            "components": [
                "c3",
                "c4",
                "c5"
            ],
            "path_response_time": 2.615879490397786,
            "path_response_time_threshold": 3.224182960103924
        },
        "p3": {
            "components": [
                "c4",
                "c5",
                "c6"
            ],
            "path_response_time": 2.795875770456867,
            "path_response_time_threshold": 3.212431722542235
        }
    },
    "total_cost": 5.502515138825852
}
