{
  "Lambda": 1.8,
  "components": {
    "c1": {
      "s1": {
        "h1": {
          "computationallayer1": {
            "Drone1": {
              "description": "No description",
              "cost": 4.583964543500967,
              "memory": 163840.0,
              "number": 1
            }
          },
          "response_time": 0.2379652144661286
        }
      },
      "response_time": 0.2379652144661286,
      "response_time_threshold": 106.09669420005758
    },
    "c2": {
      "s3": {
        "h5": {
          "computationallayer1": {
            "Drone1": {
              "description": "No description",
              "cost": 4.583964543500967,
              "memory": 163840.0,
              "number": 1
            }
          },
          "response_time": 1.0216620496273734
        },
        "h6": {
          "computationallayer1": {
            "Drone1": {
              "description": "No description",
              "cost": 4.583964543500967,
              "memory": 163840.0,
              "number": 1
            }
          },
          "response_time": 1.0324686554506657
        },
        "h7": {
          "computationallayer2": {
            "EN1": {
              "description": "No description",
              "cost": 6.0778245952846435,
              "memory": 163840.0,
              "number": 1
            }
          },
          "response_time": 2.249085702502569
        },
        "h8": {
          "computationallayer1": {
            "Drone1": {
              "description": "No description",
              "cost": 4.583964543500967,
              "memory": 163840.0,
              "number": 1
            }
          },
          "response_time": 0.9946757092402441
        }
      },
      "response_time": 1.631460515754676,
      "response_time_threshold": 124.85840257758788
    },
    "c3": {
      "s1": {
        "h1": {
          "computationallayer2": {
            "EN1": {
              "description": "No description",
              "cost": 6.0778245952846435,
              "memory": 163840.0,
              "number": 1
            }
          },
          "response_time": 5.9421372061534745
        }
      },
      "response_time": 5.9421372061534745,
      "response_time_threshold": "inf"
    },
    "c4": {
      "s2": {
        "h2": {
          "computationallayer2": {
            "EN1": {
              "description": "No description",
              "cost": 6.0778245952846435,
              "memory": 163840.0,
              "number": 1
            }
          },
          "response_time": 2.3922599882411766
        },
        "h3": {
          "computationallayer2": {
            "EN1": {
              "description": "No description",
              "cost": 6.0778245952846435,
              "memory": 163840.0,
              "number": 1
            }
          },
          "response_time": 2.2716411013158124
        },
        "h4": {
          "computationallayer2": {
            "EN1": {
              "description": "No description",
              "cost": 6.0778245952846435,
              "memory": 163840.0,
              "number": 1
            }
          },
          "response_time": 2.167555014892635
        },
        "h5": {
          "computationallayer3": {
            "VM2": {
              "description": "No description",
              "cost": 0.4306355989454924,
              "memory": 163840.0,
              "number": 1
            }
          },
          "response_time": 0.9662469282917342
        }
      },
      "response_time": 6.247396016489151,
      "response_time_threshold": 128.88801782820818
    },
    "c5": {
      "s1": {
        "h1": {
          "computationallayer3": {
            "VM2": {
              "description": "No description",
              "cost": 0.4306355989454924,
              "memory": 163840.0,
              "number": 1
            }
          },
          "response_time": 2.9953435363990955
        }
      },
      "response_time": 2.9953435363990955,
      "response_time_threshold": "inf"
    }
  },
  "global_constraints": {
    "p1": {
      "components": [
        "c1",
        "c2"
      ],
      "global_res_time": 314.9492567988874,
      "path_response_time": 1.8694257302208046
    },
    "p2": {
      "components": [
        "c1",
        "c2",
        "c3",
        "c5"
      ],
      "global_res_time": 331.98473803612933,
      "path_response_time": 10.818906472773373
    },
    "p3": {
      "components": [
        "c2",
        "c3"
      ],
      "global_res_time": 375.5010872297869,
      "path_response_time": 7.57759772190815
    }
  },
  "total_cost": "11.092424737731104"
}