{
    "Costs": [
        3.474418699486917,
        3.474418699486917,
        3.474418699486917,
        3.474418699486917,
        3.474418699486917,
        3.474418699486917,
        3.474418699486917,
        3.474418699486917,
        3.474418699486917,
        3.474418699486917,
        3.474418699486917,
        3.064418699486917,
        3.064418699486917,
        3.064418699486917,
        3.064418699486917,
        3.474418699486917,
        3.474418699486917,
        3.474418699486917,
        3.474418699486917,
        3.474418699486917,
        3.474418699486917,
        3.474418699486917,
        3.474418699486917,
        3.474418699486917,
        3.474418699486917
    ],
    "FractionCostByRes": {
        "Edge": [
            0.5593593227241647,
            0.5593593227241647,
            0.5593593227241647,
            0.5593593227241647,
            0.5593593227241647,
            0.5593593227241647,
            0.5593593227241647,
            0.5593593227241647,
            0.5593593227241647,
            0.5593593227241647,
            0.5593593227241647,
            0.5004043640844262,
            0.5004043640844262,
            0.5004043640844262,
            0.5004043640844262,
            0.5593593227241647,
            0.5593593227241647,
            0.5593593227241647,
            0.5593593227241647,
            0.5593593227241647,
            0.5593593227241647,
            0.5593593227241647,
            0.5593593227241647,
            0.5593593227241647,
            0.5593593227241647
        ],
        "FaaS": [
            0.0,
            0.0,
            0.0,
            0.0,
            0.0,
            0.0,
            0.0,
            0.0,
            0.0,
            0.0,
            0.0,
            0.0,
            0.0,
            0.0,
            0.0,
            0.0,
            0.0,
            0.0,
            0.0,
            0.0,
            0.0,
            0.0,
            0.0,
            0.0,
            0.0
        ],
        "VM": [
            0.4406406772758353,
            0.4406406772758353,
            0.4406406772758353,
            0.4406406772758353,
            0.4406406772758353,
            0.4406406772758353,
            0.4406406772758353,
            0.4406406772758353,
            0.4406406772758353,
            0.4406406772758353,
            0.4406406772758353,
            0.49959563591557377,
            0.49959563591557377,
            0.49959563591557377,
            0.49959563591557377,
            0.4406406772758353,
            0.4406406772758353,
            0.4406406772758353,
            0.4406406772758353,
            0.4406406772758353,
            0.4406406772758353,
            0.4406406772758353,
            0.4406406772758353,
            0.4406406772758353,
            0.4406406772758353
        ]
    },
    "GlobalConstraints": {
        "p1": {
            "response_time": [
                1.490545495859154,
                1.579661766852254,
                0.6512393850076643,
                0.8544591103338062,
                1.1450986042540239,
                1.3918545867399064,
                1.278217456420474,
                0.980214497981116,
                0.7335684494933593,
                0.613821540677026,
                1.4722923391413751,
                1.5324361987425674,
                1.413239362561046,
                1.4099048673805763,
                1.5135400738703386,
                1.462517223325869,
                0.6178916777250438,
                0.7639650474870439,
                1.1002140157764282,
                1.682330587064136,
                1.4710966699558705,
                1.3526883748672962,
                1.2084236146732525,
                0.8431476112125453,
                0.6427472656200421
            ],
            "threshold": 1.8
        },
        "p2": {
            "response_time": [
                2.5174446022694474,
                2.586158264487671,
                1.5609040601564814,
                1.8937206178837604,
                2.286729779186425,
                2.5621631055219747,
                2.441013815418795,
                2.0742802434009304,
                1.702465737696769,
                1.4932199443244154,
                2.5095710917370364,
                1.2844360069810254,
                1.2580169656458948,
                1.2572306851315138,
                1.280455623536628,
                2.5023106346868635,
                1.5006887132706277,
                1.7523292866424547,
                2.2313866373028546,
                2.8346973559360458,
                3.150249145996463,
                2.8801101613438824,
                2.361892223913915,
                1.8765999868400804,
                1.5457334297618117
            ],
            "threshold": 3.224182960103924
        },
        "p3": {
            "response_time": [
                2.1946515383630594,
                0.9869472649049031,
                1.3900708263045214,
                1.6864622568972543,
                2.0364585081354463,
                2.2817470183675725,
                2.173856919226534,
                1.8472605239058786,
                1.5161392779758907,
                1.3297944023884103,
                0.9772198453881311,
                1.1438608349704729,
                1.1203332271204318,
                1.1196330011217737,
                1.1403160848190714,
                0.9762724087050121,
                1.336445751491505,
                1.5605455079644632,
                1.987172399570471,
                2.524453742207725,
                2.8054699486151713,
                2.5648963405386875,
                2.1033947948146774,
                1.6712153942942083,
                1.3765605464182833
            ],
            "threshold": 3.212431722542235
        },
        "p4": {
            "response_time": [
                1.1217175085596642,
                0.4356579152251333,
                0.5936516328342918,
                0.7202302599084505,
                0.8697016696392784,
                0.9744559899654665,
                0.9283798244135248,
                0.7889016915795748,
                0.647491150049801,
                0.5679096369574772,
                0.4313640411166665,
                0.48850377949494334,
                0.47845594412385417,
                0.4781569015861717,
                0.4869899381312171,
                0.43094582394858394,
                0.5707502003164683,
                0.6664555297359884,
                0.8486532609740669,
                1.0781077177631144,
                1.0709011753724291,
                0.9790696589522074,
                0.8982878647676443,
                0.7137188471742079,
                0.5878818550915018
            ],
            "threshold": 1.5
        }
    },