{
    "Costs": [
        5.502515138825852,
        4.124708703329821,
        4.124708703329821,
        4.762957214315937,
        5.04553857199667,
        5.085489384456453,
        5.069027687122098,
        4.7691047757734015,
        4.124708703329821,
        4.124708703329821,
        4.124708703329821,
        4.124708703329821,
        3.5248324262645414,
        3.5248324262645414,
        4.124708703329821,
        4.124708703329821,
        4.124708703329821,
        4.124708703329821,
        5.036321247337424,
        5.117378198433783,
        5.466512026955717,
        5.165062081384714,
        5.0573650852576,
        4.724584980395099,
        4.124708703329821
    ],
    "FractionCostByRes": {
        "Edge": [
            0.4967184961382867,
            0.5172061643888332,
            0.5172061643888332,
            0.5738453909517808,
            0.54170650084915,
            0.5374509389577387,
            0.5391963140543601,
            0.5731056819342981,
            0.5172061643888332,
            0.5172061643888332,
            0.5172061643888332,
            0.5172061643888332,
            0.43504152968493165,
            0.43504152968493165,
            0.5172061643888332,
            0.5172061643888332,
            0.5172061643888332,
            0.5172061643888332,
            0.5426979159005608,
            0.5341018269027396,
            0.4999899444578455,
            0.529170995753643,
            0.540439734656118,
            0.5785060605486592,
            0.5172061643888332
        ],
        "FaaS": [
            0.1413771954831458,
            0.0,
            0.0,
            0.008056388540611347,
            0.06361136418278526,
            0.07096748744859047,
            0.06795044888037556,
            0.009335042418119761,
            0.0,
            0.0,
            0.0,
            0.0,
            0.0,
            0.0,
            0.0,
            0.0,
            0.0,
            0.0,
            0.06189761368124245,
            0.07675673026451345,
            0.13572220145169858,
            0.08528011746018087,
            0.06580108401360354,
            0.0,
            0.0
        ],
        "VM": [
            0.36190430837856735,
            0.48279383561116673,
            0.48279383561116673,
            0.4180982205076079,
            0.39468213496806476,
            0.3915815735936708,
            0.39285323706526437,
            0.41755927564758216,
            0.48279383561116673,
            0.48279383561116673,
            0.48279383561116673,
            0.48279383561116673,
            0.5649584703150684,
            0.5649584703150684,
            0.48279383561116673,
            0.48279383561116673,
            0.48279383561116673,
            0.48279383561116673,
            0.39540447041819676,
            0.3891414428327471,
            0.3642878540904559,
            0.38554888678617616,
            0.39375918133027843,
            0.42149393945134084,
            0.48279383561116673
        ]
    },
    "GlobalConstraints": {
        "p1": {
            "response_time": [
                1.7336012419459517,
                0.3459048935259149,
                0.57649096264245,
                1.0255271801547081,
                0.8475586232029387,
                1.1831588051686648,
                1.0168059078693337,
                1.2776772782833357,
                1.0172094207013342,
                0.4677606464321879,
                0.6633143679978594,
                0.40823098431010346,
                1.7919241551484204,
                1.7688346713599281,
                0.3939409215488931,
                0.6434013315811944,
                0.47805872420924006,
                1.3440734187756995,
                0.7957779358557012,
                1.7367327881594878,
                1.6418829959676424,
                1.2095142889029222,
                0.9249714021467184,
                0.9711730106094077,
                0.5487515423156631
            ],
            "threshold": 1.8
        },
        "p2": {
            "response_time": [
                2.615879490397786,
                1.5082576086059452,
                2.567217330239251,
                2.888500111344888,
                1.8813878835086828,
                2.1177377674043547,
                2.0061726280406527,
                3.0525428232587375,
                2.274761548326906,
                2.3450472973606513,
                3.221143400113067,
                3.155621618459647,
                1.0373740345673375,
                1.0350822909980453,
                3.0506741239830695,
                3.142423433452055,
                2.42646910218507,
                2.550862092345251,
                1.8406804227458566,
                2.426235303415461,
                2.530464971169498,
                2.6290797182830445,
                1.9399784407698273,
                3.201439303077657,
                3.0417912381785364
            ],
            "threshold": 3.224182960103924
        },
        "p3": {
            "response_time": [
                2.795875770456867,
                1.4984818419209045,
                2.548330457593051,
                2.0671312091155642,
                2.4968775828046432,
                2.614553636275328,
                2.5589921115054484,
                2.6065949100660637,
                2.8439140951361503,
                2.329847881084826,
                1.15975007113332,
                2.0141649570833073,
                1.0306502982048054,
                1.0283734085638527,
                1.9616574774929791,
                1.1545219613188533,
                2.410741950751473,
                3.207946529560223,
                2.4766332327279064,
                2.7681865965780346,
                2.7700358140691868,
                3.026624949610257,
                2.526034732840743,
                2.358049734209489,
                3.022075878362438
            ],
            "threshold": 3.212431722542235
        },
        "p4": {
            "response_time": [
                1.3284848224810437,
                0.4989550789178624,
                0.9639858780710371,
                0.6078646457036461,
                0.8616493702025056,
                1.0990354479474909,
                0.9869918067535021,
                0.8805895753194528,
                1.0485121158961623,
                0.775778124800697,
                0.35020227063454895,
                0.30529867228337343,
                0.34317946770598307,
                0.34242132328360386,
                0.3039118613099242,
                0.34862357193581656,
                0.8027137244091435,
                1.213294648898096,
                0.8207484674230788,
                1.4088503335083102,
                1.2764308685369556,
                1.299175760567554,
                0.9205068520740547,
                0.8910155863801396,
                1.0062718587574917
            ],
            "threshold": 1.5
        }
    },