{
    "Costs": [
        9.318546147453224,
        3.8731814701397074,
        4.631135254877421,
        6.380674466455464,
        7.131650257144914,
        8.115589122434216,
        8.027977807966538,
        6.978181352285015,
        4.884447631309174,
        4.163601442708374,
        3.8731814701397074,
        3.8731814701397074,
        3.8731814701397074,
        3.8731814701397074,
        3.8731814701397074,
        3.8731814701397074,
        4.276752893381707,
        5.768807551225637,
        7.060544531190879,
        8.285305577100077,
        9.298311722432352,
        8.352344139390695,
        7.965907909662099,
        5.989208853379485,
        4.360130025975985
    ],
    "FractionCostByRes": {
        "Edge": [
            0.42493074991593494,
            0.6047254122522384,
            0.5057531538927079,
            0.4938308714033418,
            0.44182957917123333,
            0.3882618974881816,
            0.3924990959471632,
            0.5674453847873879,
            0.47952428566220184,
            0.5625445407028162,
            0.6047254122522384,
            0.6047254122522384,
            0.6047254122522384,
            0.6047254122522384,
            0.6047254122522384,
            0.6047254122522384,
            0.5476611157222917,
            0.5462089008743759,
            0.4462791811581834,
            0.3803087288198272,
            0.42585545857863694,
            0.3772562503801022,
            0.395557426428297,
            0.5261085577492892,
            0.537188397434014
        ],
        "FaaS": [
            0.24648361351453238,
            0.0,
            0.16366479124950006,
            0.2662305113030834,
            0.3434977779369023,
            0.23444689523528792,
            0.22609222418267355,
            0.21316074572247284,
            0.20703797798696372,
            0.06975210681542841,
            0.0,
            0.0,
            0.0,
            0.0,
            0.0,
            0.0,
            0.0943639797067838,
            0.1884034613361693,
            0.33688623871581075,
            0.25012850861575486,
            0.24484385661247524,
            0.25614721496287973,
            0.22006197910744105,
            0.2182699993588216,
            0.11168211794951621
        ],
        "VM": [
            0.32858563656953266,
            0.39527458774776153,
            0.33058205485779196,
            0.23993861729357474,
            0.21467264289186425,
            0.3772912072765305,
            0.3814086798701632,
            0.21939386949013923,
            0.3134377363508343,
            0.36770335248175523,
            0.39527458774776153,
            0.39527458774776153,
            0.39527458774776153,
            0.39527458774776153,
            0.39527458774776153,
            0.39527458774776153,
            0.35797490457092446,
            0.2653876377894549,
            0.21683458012600595,
            0.36956276256441795,
            0.3293006848088879,
            0.3665965346570182,
            0.3843805944642619,
            0.2556214428918893,
            0.35112948461646964
        ]
    },
    "GlobalConstraints": {
        "p1": {
            "response_time": [
                0.5191633824415123,
                0.4304412854184715,
                0.5270986906267943,
                0.3510926022936652,
                0.748037825550867,
                0.6486756165901617,
                0.5354791446038671,
                0.6135896586303367,
                0.9158827156860908,
                0.34978513066566536,
                0.30885804802888966,
                0.22722169949868615,
                0.18187450963685883,
                0.18010295428495984,
                0.2533039172376042,
                0.3006142161100212,
                0.36365910136123764,
                0.41666276572218897,
                0.6574852057035229,
                1.1096620623308568,
                0.33970266896712087,
                1.5510127364118367,
                0.4769858977210366,
                0.2582427820005978,
                0.32472793707315184
            ],
            "threshold": 1.8
        },
        "p2": {
            "response_time": [
                2.7028663883589323,
                3.069507341454889,
                2.7435145559125678,
                2.9484558065262085,
                3.0929340724910106,
                2.273273709522534,
                2.1658939116676725,
                2.7521937334498445,
                2.457827223399055,
                2.568641719095071,
                2.2955710831622076,
                2.207161576264011,
                2.309334357807996,
                2.288414839839801,
                3.140344666846796,
                2.2401559339750086,
                2.4209780775972964,
                2.341049066580156,
                3.0673937752087146,
                2.551412701365114,
                2.658764410810768,
                2.698640113092593,
                2.1003385490588697,
                2.833709203242302,
                2.718828183146821
            ],
            "threshold": 3.224182960103924
        },
        "p3": {
            "response_time": [
                3.033865500549232,
                2.8823705232848997,
                3.1308318671946607,
                3.121659104051421,
                2.6201080551905553,
                2.7596804209818337,
                2.700396444717528,
                2.540702500788066,
                2.8618598088442155,
                3.0047701632288115,
                2.212012918799754,
                1.380285736967497,
                1.6877792615300378,
                1.6761326656468716,
                2.1343069095016007,
                2.162492219587259,
                2.9340011575721925,
                2.5285512506676824,
                2.5985069726357013,
                2.9132414306685694,
                3.0096574700355765,
                2.994532404420041,
                2.6642057819975795,
                3.2110078215003446,
                3.2042088726512654
            ],
            "threshold": 3.212431722542235
        },
        "p4": {
            "response_time": [
                1.438214151627224,
                1.2309617144692586,
                1.4387023702725061,
                1.4384271026766273,
                1.4383154479272207,
                1.4382720300288474,
                1.4382902422663228,
                1.4383668365238416,
                1.4385431314336188,
                1.4666075206975193,
                0.9446749447918766,
                0.5268812873215527,
                0.44506727250773254,
                0.4437362519866682,
                0.4859069964113127,
                0.9235263504970463,
                1.438858246936984,
                1.4385060661122813,
                1.4383245482516471,
                1.4382468185177553,
                1.438216449553599,
                1.4382361069790779,
                1.4383036193550842,
                1.4384367092849715,
                1.438737988899641
            ],
            "threshold": 1.5
        }
    },