{
  "Lambda": 1.8,
  "components": {
    "c1": {
      "s1": {
        "h1": {
          "computationallayer1": {
            "Drone1": {
              "description": "No description",
              "cost": 4.6079963208342924,
              "memory": 327680.0,
              "number": 1
            }
          },
          "response_time": 0.4048892971569676
        }
      },
      "response_time": 0.4048892971569676,
      "response_time_threshold": "inf"
    },
    "c2": {
      "s2": {
        "h2": {
          "computationallayer3": {
            "EN8": {
              "description": "No description",
              "cost": 6.085465003305755,
              "memory": 327680.0,
              "number": 1
            }
          },
          "response_time": 3.4640030968551954
        },
        "h3": {
          "computationallayer1": {
            "Drone1": {
              "description": "No description",
              "cost": 4.6079963208342924,
              "memory": 327680.0,
              "number": 1
            }
          },
          "response_time": 2.3824723274569135
        },
        "h4": {
          "computationallayer1": {
            "Drone1": {
              "description": "No description",
              "cost": 4.6079963208342924,
              "memory": 327680.0,
              "number": 1
            }
          },
          "response_time": 2.4846812720520304
        }
      },
      "response_time": 4.009554636273575,
      "response_time_threshold": "inf"
    },
    "c3": {
      "s2": {
        "h2": {
          "computationallayer1": {
            "Drone1": {
              "description": "No description",
              "cost": 4.6079963208342924,
              "memory": 327680.0,
              "number": 1
            }
          },
          "response_time": 1.4632515414955287
        },
        "h3": {
          "computationallayer1": {
            "Drone1": {
              "description": "No description",
              "cost": 4.6079963208342924,
              "memory": 327680.0,
              "number": 1
            }
          },
          "response_time": 1.417733657559306
        },
        "h4": {
          "computationallayer1": {
            "Drone1": {
              "description": "No description",
              "cost": 4.6079963208342924,
              "memory": 327680.0,
              "number": 1
            }
          },
          "response_time": 1.4457319713522612
        }
      },
      "response_time": 2.294795913529624,
      "response_time_threshold": "inf"
    },
    "c4": {
      "s2": {
        "h2": {
          "computationallayer3": {
            "EN8": {
              "description": "No description",
              "cost": 6.085465003305755,
              "memory": 327680.0,
              "number": 1
            }
          },
          "response_time": 5.683985160820663
        },
        "h3": {
          "computationallayer3": {
            "EN8": {
              "description": "No description",
              "cost": 6.085465003305755,
              "memory": 327680.0,
              "number": 1
            }
          },
          "response_time": 5.872020321465196
        }
      },
      "response_time": 10.07852212042076,
      "response_time_threshold": "inf"
    },
    "c5": {
      "s2": {
        "h2": {
          "computationallayer3": {
            "EN8": {
              "description": "No description",
              "cost": 6.085465003305755,
              "memory": 327680.0,
              "number": 1
            }
          },
          "response_time": 5.8650862259197325
        },
        "h3": {
          "computationallayer3": {
            "EN8": {
              "description": "No description",
              "cost": 6.085465003305755,
              "memory": 327680.0,
              "number": 1
            }
          },
          "response_time": 5.609036497454465
        }
      },
      "response_time": 8.597022498608766,
      "response_time_threshold": "inf"
    },
    "c6": {
      "s1": {
        "h1": {
          "computationallayer4": {
            "VM4": {
              "description": "No description",
              "cost": 0.5022099186501139,
              "memory": 327680.0,
              "number": 2
            }
          },
          "response_time": 1.1133633712298223
        }
      },
      "response_time": 1.1133633712298223,
      "response_time_threshold": 74.32372078990711
    },
    "c7": {
      "s1": {
        "h1": {
          "computationallayer4": {
            "VM4": {
              "description": "No description",
              "cost": 0.5022099186501139,
              "memory": 327680.0,
              "number": 2
            }
          },
          "response_time": 2.8204797837819107
        }
      },
      "response_time": 2.8204797837819107,
      "response_time_threshold": "inf"
    },
    "c8": {
      "s1": {
        "h1": {
          "computationallayer6": {
            "F1": {
              "description": "No description",
              "cost": 0.011605844415387367,
              "memory": 327680.0,
              "idle_time_before_kill": 600.0,
              "transition_cost": 0.0
            }
          },
          "response_time": 2.0251812001991203
        }
      },
      "response_time": 2.0251812001991203,
      "response_time_threshold": 74.48680599418557
    },
    "c9": {
      "s1": {
        "h1": {
          "computationallayer4": {
            "VM4": {
              "description": "No description",
              "cost": 0.5022099186501139,
              "memory": 327680.0,
              "number": 2
            }
          },
          "response_time": 1.2867594555441277
        }
      },
      "response_time": 1.2867594555441277,
      "response_time_threshold": 97.84912790959021
    },
    "c10": {
      "s2": {
        "h2": {
          "computationallayer4": {
            "VM4": {
              "description": "No description",
              "cost": 0.5022099186501139,
              "memory": 327680.0,
              "number": 2
            }
          },
          "response_time": 0.9401312126077883
        },
        "h3": {
          "computationallayer4": {
            "VM4": {
              "description": "No description",
              "cost": 0.5022099186501139,
              "memory": 327680.0,
              "number": 2
            }
          },
          "response_time": 0.9926675048831947
        }
      },
      "response_time": 1.7547078681040365,
      "response_time_threshold": 72.93246200455981
    }
  },
  "global_constraints": {
    "p1": {
      "components": [
        "c4",
        "c5",
        "c6",
        "c8"
      ],
      "global_res_time": 183.19829813352862,
      "path_response_time": 21.827755857125133
    },
    "p2": {
      "components": [
        "c5",
        "c6"
      ],
      "global_res_time": 159.94832977020914,
      "path_response_time": 9.716052536505254
    },
    "p3": {
      "components": [
        "c1",
        "c2"
      ],
      "global_res_time": 174.00851726230974,
      "path_response_time": 4.420443933430542
    },
    "p4": {
      "components": [
        "c7",
        "c8"
      ],
      "global_res_time": 198.43264180011607,
      "path_response_time": 4.85066098398103
    }
  },
  "total_cost": "11.222041402837524"
}