{
  "Lambda": 1.8,
  "components": {
    "c1": {
      "s1": {
        "h1": {
          "computationallayer1": {
            "Drone1": {
              "description": "No description",
              "cost": 4.1220943691988925,
              "memory": 491520.0,
              "number": 1
            }
          },
          "response_time": 0.4713731757109885
        }
      },
      "response_time": 0.4713731757109885,
      "response_time_threshold": "inf"
    },
    "c2": {
      "s1": {
        "h1": {
          "computationallayer1": {
            "Drone1": {
              "description": "No description",
              "cost": 4.1220943691988925,
              "memory": 491520.0,
              "number": 1
            }
          },
          "response_time": 0.36619711292439017
        }
      },
      "response_time": 0.36619711292439017,
      "response_time_threshold": "inf"
    },
    "c3": {
      "s2": {
        "h2": {
          "computationallayer2": {
            "EN4": {
              "description": "No description",
              "cost": 13.08561392885605,
              "memory": 491520.0,
              "number": 2
            }
          },
          "response_time": 0.7780401315734555
        },
        "h3": {
          "computationallayer1": {
            "Drone1": {
              "description": "No description",
              "cost": 4.1220943691988925,
              "memory": 491520.0,
              "number": 1
            }
          },
          "response_time": 3.1323231708129295
        }
      },
      "response_time": 2.9752265646737284,
      "response_time_threshold": 98.77141266525274
    },
    "c4": {
      "s2": {
        "h2": {
          "computationallayer2": {
            "EN4": {
              "description": "No description",
              "cost": 13.08561392885605,
              "memory": 491520.0,
              "number": 2
            }
          },
          "response_time": 0.460248114758119
        },
        "h3": {
          "computationallayer2": {
            "EN4": {
              "description": "No description",
              "cost": 13.08561392885605,
              "memory": 491520.0,
              "number": 2
            }
          },
          "response_time": 0.4573643889069941
        },
        "h4": {
          "computationallayer2": {
            "EN4": {
              "description": "No description",
              "cost": 13.08561392885605,
              "memory": 491520.0,
              "number": 2
            }
          },
          "response_time": 0.5377695885123636
        },
        "h5": {
          "computationallayer1": {
            "Drone1": {
              "description": "No description",
              "cost": 4.1220943691988925,
              "memory": 491520.0,
              "number": 1
            }
          },
          "response_time": 1.6423030866202513
        }
      },
      "response_time": 0.5490532456110427,
      "response_time_threshold": 74.50370768320151
    },
    "c5": {
      "s1": {
        "h1": {
          "computationallayer2": {
            "EN4": {
              "description": "No description",
              "cost": 13.08561392885605,
              "memory": 491520.0,
              "number": 2
            }
          },
          "response_time": 1.7115949819665115
        }
      },
      "response_time": 1.7115949819665115,
      "response_time_threshold": "inf"
    },
    "c6": {
      "s2": {
        "h2": {
          "computationallayer2": {
            "EN4": {
              "description": "No description",
              "cost": 13.08561392885605,
              "memory": 491520.0,
              "number": 2
            }
          },
          "response_time": 0.7906907535549876
        },
        "h3": {
          "computationallayer2": {
            "EN4": {
              "description": "No description",
              "cost": 13.08561392885605,
              "memory": 491520.0,
              "number": 2
            }
          },
          "response_time": 0.8480749276158104
        }
      },
      "response_time": 1.5029020333810674,
      "response_time_threshold": "inf"
    },
    "c7": {
      "s1": {
        "h1": {
          "computationallayer2": {
            "EN4": {
              "description": "No description",
              "cost": 13.08561392885605,
              "memory": 491520.0,
              "number": 2
            }
          },
          "response_time": 1.6254836829109724
        }
      },
      "response_time": 1.6254836829109724,
      "response_time_threshold": "inf"
    },
    "c8": {
      "s1": {
        "h1": {
          "computationallayer2": {
            "EN4": {
              "description": "No description",
              "cost": 13.08561392885605,
              "memory": 491520.0,
              "number": 2
            }
          },
          "response_time": 2.096800160071789
        }
      },
      "response_time": 2.096800160071789,
      "response_time_threshold": "inf"
    },
    "c9": {
      "s1": {
        "h1": {
          "computationallayer4": {
            "VM1": {
              "description": "No description",
              "cost": 0.07054667262692549,
              "memory": 491520.0,
              "number": 2
            }
          },
          "response_time": 1.863725948589987
        }
      },
      "response_time": 1.863725948589987,
      "response_time_threshold": 90.1472542322277
    },
    "c10": {
      "s1": {
        "h1": {
          "computationallayer4": {
            "VM1": {
              "description": "No description",
              "cost": 0.07054667262692549,
              "memory": 491520.0,
              "number": 2
            }
          },
          "response_time": 1.1206734444368331
        }
      },
      "response_time": 1.1206734444368331,
      "response_time_threshold": "inf"
    },
    "c11": {
      "s1": {
        "h1": {
          "computationallayer4": {
            "VM1": {
              "description": "No description",
              "cost": 0.07054667262692549,
              "memory": 491520.0,
              "number": 2
            }
          },
          "response_time": 1.2400744136734807
        }
      },
      "response_time": 1.2400744136734807,
      "response_time_threshold": "inf"
    },
    "c12": {
      "s1": {
        "h1": {
          "computationallayer6": {
            "VM15": {
              "description": "No description",
              "cost": 2.4005019216799175,
              "memory": 491520.0,
              "number": 1
            }
          },
          "response_time": 0.4794135674348976
        }
      },
      "response_time": 0.4794135674348976,
      "response_time_threshold": 94.02276915518406
    },
    "c13": {
      "s1": {
        "h1": {
          "computationallayer4": {
            "VM1": {
              "description": "No description",
              "cost": 0.07054667262692549,
              "memory": 491520.0,
              "number": 2
            }
          },
          "response_time": 0.909109076206912
        }
      },
      "response_time": 0.909109076206912,
      "response_time_threshold": "inf"
    },
    "c14": {
      "s1": {
        "h1": {
          "computationallayer6": {
            "VM15": {
              "description": "No description",
              "cost": 2.4005019216799175,
              "memory": 491520.0,
              "number": 1
            }
          },
          "response_time": 1.2407394922178059
        }
      },
      "response_time": 1.2407394922178059,
      "response_time_threshold": 71.31091204672052
    },
    "c15": {
      "s2": {
        "h2": {
          "computationallayer4": {
            "VM1": {
              "description": "No description",
              "cost": 0.07054667262692549,
              "memory": 491520.0,
              "number": 2
            }
          },
          "response_time": 0.5543566199897706
        },