{
  "Lambda": 1.8,
  "components": {
    "c1": {
      "s2": {
        "h2": {
          "computationallayer1": {
            "Drone1": {
              "description": "No description",
              "cost": 4.54019151566713,
              "memory": 327680.0,
              "number": 1
            }
          },
          "response_time": 0.2814769969098333
        },
        "h3": {
          "computationallayer1": {
            "Drone1": {
              "description": "No description",
              "cost": 4.54019151566713,
              "memory": 327680.0,
              "number": 1
            }
          },
          "response_time": 0.2806462716520431
        },
        "h4": {
          "computationallayer1": {
            "Drone1": {
              "description": "No description",
              "cost": 4.54019151566713,
              "memory": 327680.0,
              "number": 1
            }
          },
          "response_time": 0.29002337892042157
        },
        "h5": {
          "computationallayer1": {
            "Drone1": {
              "description": "No description",
              "cost": 4.54019151566713,
              "memory": 327680.0,
              "number": 1
            }
          },
          "response_time": 0.2748957750738357
        }
      },
      "response_time": 0.3690062220858633,
      "response_time_threshold": "inf"
    },
    "c2": {
      "s1": {
        "h1": {
          "computationallayer1": {
            "Drone1": {
              "description": "No description",
              "cost": 4.54019151566713,
              "memory": 327680.0,
              "number": 1
            }
          },
          "response_time": 5.334433947956822
        }
      },
      "response_time": 5.334433947956822,
      "response_time_threshold": 7.773886788735698
    },
    "c3": {
      "s1": {
        "h1": {
          "computationallayer2": {
            "EN4": {
              "description": "No description",
              "cost": 6.353424323168852,
              "memory": 327680.0,
              "number": 1
            }
          },
          "response_time": 5.117746961250671
        }
      },
      "response_time": 5.117746961250671,
      "response_time_threshold": "inf"
    },
    "c4": {
      "s2": {
        "h2": {
          "computationallayer2": {
            "EN4": {
              "description": "No description",
              "cost": 6.353424323168852,
              "memory": 327680.0,
              "number": 1
            }
          },
          "response_time": 3.2005744386540336
        },
        "h3": {
          "computationallayer3": {
            "EN6": {
              "description": "No description",
              "cost": 6.978532333989718,
              "memory": 327680.0,
              "number": 1
            }
          },
          "response_time": 1.250707729048551
        }
      },
      "response_time": 3.980725317290146,
      "response_time_threshold": "inf"
    },
    "c5": {
      "s1": {
        "h1": {
          "computationallayer3": {
            "EN6": {
              "description": "No description",
              "cost": 6.978532333989718,
              "memory": 327680.0,
              "number": 1
            }
          },
          "response_time": 3.0523018844864964
        }
      },
      "response_time": 3.0523018844864964,
      "response_time_threshold": 8.17300588672732
    },
    "c6": {
      "s1": {
        "h1": {
          "computationallayer4": {
            "VM2": {
              "description": "No description",
              "cost": 0.4423325911846443,
              "memory": 327680.0,
              "number": 2
            }
          },
          "response_time": 1.4735670346227538
        }
      },
      "response_time": 1.4735670346227538,
      "response_time_threshold": "inf"
    },
    "c7": {
      "s1": {
        "h1": {
          "computationallayer4": {
            "VM2": {
              "description": "No description",
              "cost": 0.4423325911846443,
              "memory": 327680.0,
              "number": 2
            }
          },
          "response_time": 1.6071402349608204
        }
      },
      "response_time": 1.6071402349608204,
      "response_time_threshold": "inf"
    },
    "c8": {
      "s2": {
        "h2": {
          "computationallayer4": {
            "VM2": {
              "description": "No description",
              "cost": 0.4423325911846443,
              "memory": 327680.0,
              "number": 2
            }
          },
          "response_time": 0.8371381238592871
        },
        "h3": {
          "computationallayer4": {
            "VM2": {
              "description": "No description",
              "cost": 0.4423325911846443,
              "memory": 327680.0,
              "number": 2
            }
          },
          "response_time": 0.8752671710924198
        }
      },
      "response_time": 1.1334324053870217,
      "response_time_threshold": 7.438680563520736
    },
    "c9": {
      "s1": {
        "h1": {
          "computationallayer6": {
            "F14": {
              "description": "No description",
              "cost": 0.031247562265261597,
              "memory": 327680.0,
              "idle_time_before_kill": 600.0,
              "transition_cost": 0.0
            }
          },
          "response_time": 2.8608855388520733
        }
      },
      "response_time": 2.8608855388520733,
      "response_time_threshold": 8.506469967582948
    },
    "c10": {
      "s1": {
        "h1": {
          "computationallayer4": {
            "VM2": {
              "description": "No description",
              "cost": 0.4423325911846443,
              "memory": 327680.0,
              "number": 2
            }
          },
          "response_time": 1.480158206557136
        }
      },
      "response_time": 1.480158206557136,
      "response_time_threshold": "inf"
    }
  },
  "global_constraints": {
    "p1": {
      "components": [
        "c3",
        "c5"
      ],
      "global_res_time": 15.495256973733733,
      "path_response_time": 8.178048845737166
    },
    "p2": {
      "components": [
        "c1",
        "c3",
        "c4",
        "c7"
      ],
      "global_res_time": 16.21591238236364,
      "path_response_time": 11.0826187355875
    },
    "p3": {
      "components": [
        "c5",
        "c6",
        "c7",
        "c9"
      ],
      "global_res_time": 16.3492440941459,
      "path_response_time": 9.004894692922145
    },
    "p4": {
      "components": [
        "c1",
        "c2",
        "c5",
        "c8",
        "c9"
      ],
      "global_res_time": 18.166923178421413,
      "path_response_time": 12.768726665434945
    }
  },
  "total_cost": "18.475328026623274"
}