{
  "Lambda": 1.8,
  "components": {
    "c1": {
      "s1": {
        "h1": {
          "computationallayer1": {
            "Drone1": {
              "description": "No description",
              "cost": 4.833161244733976,
              "memory": 491520.0,
              "number": 1
            }
          },
          "response_time": 0.18329676347388918
        }
      },
      "response_time": 0.18329676347388918,
      "response_time_threshold": "inf"
    },
    "c2": {
      "s3": {
        "h5": {
          "computationallayer1": {
            "Drone1": {
              "description": "No description",
              "cost": 4.833161244733976,
              "memory": 491520.0,
              "number": 1
            }
          },
          "response_time": 0.0871586685600674
        },
        "h6": {
          "computationallayer1": {
            "Drone1": {
              "description": "No description",
              "cost": 4.833161244733976,
              "memory": 491520.0,
              "number": 1
            }
          },
          "response_time": 0.08270967005748416
        },
        "h7": {
          "computationallayer1": {
            "Drone1": {
              "description": "No description",
              "cost": 4.833161244733976,
              "memory": 491520.0,
              "number": 1
            }
          },
          "response_time": 0.08831726216164874
        },
        "h8": {
          "computationallayer1": {
            "Drone1": {
              "description": "No description",
              "cost": 4.833161244733976,
              "memory": 491520.0,
              "number": 1
            }
          },
          "response_time": 0.08183720234078548
        }
      },
      "response_time": 0.1370254211628963,
      "response_time_threshold": 7.390064484331064
    },
    "c3": {
      "s1": {
        "h1": {
          "computationallayer3": {
            "EN7": {
              "description": "No description",
              "cost": 6.441762443721489,
              "memory": 491520.0,
              "number": 1
            }
          },
          "response_time": 1.5327688288122192
        }
      },
      "response_time": 1.5327688288122192,
      "response_time_threshold": 7.503656481206616
    },
    "c4": {
      "s1": {
        "h1": {
          "computationallayer2": {
            "EN4": {
              "description": "No description",
              "cost": 6.086258072706725,
              "memory": 491520.0,
              "number": 1
            }
          },
          "response_time": 3.1706992746739586
        }
      },
      "response_time": 3.1706992746739586,
      "response_time_threshold": "inf"
    },
    "c5": {
      "s1": {
        "h1": {
          "computationallayer2": {
            "EN4": {
              "description": "No description",
              "cost": 6.086258072706725,
              "memory": 491520.0,
              "number": 1
            }
          },
          "response_time": 3.0899268631046883
        }
      },
      "response_time": 3.0899268631046883,
      "response_time_threshold": 7.393982829247081
    },
    "c6": {
      "s1": {
        "h1": {
          "computationallayer3": {
            "EN7": {
              "description": "No description",
              "cost": 6.441762443721489,
              "memory": 491520.0,
              "number": 1
            }
          },
          "response_time": 1.6974642969313467
        }
      },
      "response_time": 1.6974642969313467,
      "response_time_threshold": 8.456984933003358
    },
    "c7": {
      "s1": {
        "h1": {
          "computationallayer3": {
            "EN7": {
              "description": "No description",
              "cost": 6.441762443721489,
              "memory": 491520.0,
              "number": 1
            }
          },
          "response_time": 1.9345872779812374
        }
      },
      "response_time": 1.9345872779812374,
      "response_time_threshold": "inf"
    },
    "c8": {
      "s1": {
        "h1": {
          "computationallayer2": {
            "EN4": {
              "description": "No description",
              "cost": 6.086258072706725,
              "memory": 491520.0,
              "number": 1
            }
          },
          "response_time": 2.250960786551057
        }
      },
      "response_time": 2.250960786551057,
      "response_time_threshold": "inf"
    },
    "c9": {
      "s1": {
        "h1": {
          "computationallayer4": {
            "VM1": {
              "description": "No description",
              "cost": 0.040419782182179564,
              "memory": 491520.0,
              "number": 1
            }
          },
          "response_time": 7.585517337264774
        }
      },
      "response_time": 7.585517337264774,
      "response_time_threshold": "inf"
    },
    "c10": {
      "s2": {
        "h2": {
          "computationallayer2": {
            "EN4": {
              "description": "No description",
              "cost": 6.086258072706725,
              "memory": 491520.0,
              "number": 1
            }
          },
          "response_time": 1.0792790912101102
        },
        "h3": {
          "computationallayer4": {
            "VM1": {
              "description": "No description",
              "cost": 0.040419782182179564,
              "memory": 491520.0,
              "number": 1
            }
          },
          "response_time": 3.4943518773962863
        },
        "h4": {
          "computationallayer4": {
            "VM1": {
              "description": "No description",
              "cost": 0.040419782182179564,
              "memory": 491520.0,
              "number": 1
            }
          },
          "response_time": 3.943234725470369
        }
      },
      "response_time": 2.29432371865903,
      "response_time_threshold": "inf"
    },
    "c11": {
      "s1": {
        "h1": {
          "computationallayer4": {
            "VM1": {
              "description": "No description",
              "cost": 0.16167912872871826,
              "memory": 491520.0,
              "number": 4
            }
          },
          "response_time": 4.926731681892856
        }
      },
      "response_time": 4.926731681892856,
      "response_time_threshold": "inf"
    },
    "c12": {
      "s1": {
        "h1": {
          "computationallayer7": {
            "F1": {
              "description": "No description",
              "cost": 0.39097426486271225,
              "memory": 491520.0,
              "idle_time_before_kill": 600.0,
              "transition_cost": 0.0
            }
          },
          "response_time": 2.579525549801084
        }
      },
      "response_time": 2.579525549801084,
      "response_time_threshold": "inf"
    },
    "c13": {
      "s1": {
        "h1": {
          "computationallayer4": {
            "VM1": {
              "description": "No description",
              "cost": 0.040419782182179564,
              "memory": 491520.0,
              "number": 1
            }
          },
          "response_time": 5.678216451887195
        }
      },
      "response_time": 5.678216451887195,
      "response_time_threshold": "inf"
    },
    "c14": {
      "s1": {
        "h1": {
          "computationallayer4": {
            "VM1": {
              "description": "No description",
              "cost": 0.16167912872871826,
              "memory": 491520.0,
              "number": 4
            }
          },
          "response_time": 4.717222992302328
        }
      },
      "response_time": 4.717222992302328,
      "response_time_threshold": "inf"
    },
    "c15": {
      "s1": {
        "h1": {
          "computationallayer4": {
            "VM1": {
              "description": "No description",
              "cost": 0.16167912872871826,
              "memory": 491520.0,
              "number": 4
            }
          },