{
  "Lambda": 1.8,
  "components": {
    "c1": {
      "s1": {
        "h1": {
          "computationallayer1": {
            "Drone1": {
              "description": "No description",
              "cost": 4.023117566295374,
              "memory": 163840.0,
              "number": 1
            }
          },
          "response_time": 0.266884061994664
        }
      },
      "response_time": 0.266884061994664,
      "response_time_threshold": "inf"
    },
    "c2": {
      "s1": {
        "h1": {
          "computationallayer1": {
            "Drone1": {
              "description": "No description",
              "cost": 4.023117566295374,
              "memory": 163840.0,
              "number": 1
            }
          },
          "response_time": 2.9836625393446847
        }
      },
      "response_time": 2.9836625393446847,
      "response_time_threshold": 14.400623951246578
    },
    "c3": {
      "s2": {
        "h2": {
          "computationallayer2": {
            "EN1": {
              "description": "No description",
              "cost": 6.631534493066667,
              "memory": 163840.0,
              "number": 1
            }
          },
          "response_time": 4.393706352351634
        },
        "h3": {
          "computationallayer2": {
            "EN1": {
              "description": "No description",
              "cost": 6.631534493066667,
              "memory": 163840.0,
              "number": 1
            }
          },
          "response_time": 4.751087811897006
        }
      },
      "response_time": 7.920983838354847,
      "response_time_threshold": 14.09771043166007
    },
    "c4": {
      "s1": {
        "h1": {
          "computationallayer3": {
            "VM2": {
              "description": "No description",
              "cost": 0.4067090519917964,
              "memory": 163840.0,
              "number": 1
            }
          },
          "response_time": 1.641987356155286
        }
      },
      "response_time": 1.641987356155286,
      "response_time_threshold": "inf"
    },
    "c5": {
      "s1": {
        "h1": {
          "computationallayer3": {
            "VM2": {
              "description": "No description",
              "cost": 0.4067090519917964,
              "memory": 163840.0,
              "number": 1
            }
          },
          "response_time": 0.9519344283208548
        }
      },
      "response_time": 0.9519344283208548,
      "response_time_threshold": 14.386060194721585
    }
  },
  "global_constraints": {
    "p1": {
      "components": [
        "c3",
        "c5"
      ],
      "global_res_time": 32.23745562660745,
      "path_response_time": 8.880918266675701
    },
    "p2": {
      "components": [
        "c1",
        "c3",
        "c5"
      ],
      "global_res_time": 25.382918092474146,
      "path_response_time": 9.152302328670366
    },
    "p3": {
      "components": [
        "c4",
        "c5"
      ],
      "global_res_time": 35.80226853868125,
      "path_response_time": 2.593921784476141
    }
  },
  "total_cost": "11.061361111353838"
}