{
  "Lambda": 1.8,
  "components": {
    "c1": {
      "s1": {
        "h1": {
          "computationallayer1": {
            "Drone1": {
              "description": "No description",
              "cost": 1.533448490605175,
              "memory": 229376.0,
              "number": 1
            }
          },
          "response_time": 0.2488449216061168
        }
      },
      "response_time": 0.2488449216061168,
      "response_time_threshold": 1.93176175538263
    },
    "c2": {
      "s2": {
        "h2": {
          "computationallayer2": {
            "EN1": {
              "description": "No description",
              "cost": 1.899876277065279,
              "memory": 229376.0,
              "number": 1
            }
          },
          "response_time": 0.6789525536835083
        },
        "h3": {
          "computationallayer2": {
            "EN1": {
              "description": "No description",
              "cost": 1.899876277065279,
              "memory": 229376.0,
              "number": 1
            }
          },
          "response_time": 0.7441506662499152
        },
        "h4": {
          "computationallayer1": {
            "Drone1": {
              "description": "No description",
              "cost": 1.533448490605175,
              "memory": 229376.0,
              "number": 1
            }
          },
          "response_time": 1.714210752778498
        }
      },
      "response_time": 1.7579643294609033,
      "response_time_threshold": 1.792892448180702
    },
    "c3": {
      "s3": {
        "h6": {
          "computationallayer2": {
            "EN1": {
              "description": "No description",
              "cost": 1.899876277065279,
              "memory": 229376.0,
              "number": 1
            }
          },
          "response_time": 0.15330701337433145
        },
        "h7": {
          "computationallayer2": {
            "EN1": {
              "description": "No description",
              "cost": 1.899876277065279,
              "memory": 229376.0,
              "number": 1
            }
          },
          "response_time": 0.15685919143808932
        },
        "h8": {
          "computationallayer2": {
            "EN1": {
              "description": "No description",
              "cost": 1.899876277065279,
              "memory": 229376.0,
              "number": 1
            }
          },
          "response_time": 0.16081669151591454
        }
      },
      "response_time": 0.2049336646809991,
      "response_time_threshold": "inf"
    },
    "c4": {
      "s1": {
        "h1": {
          "computationallayer3": {
            "VM3": {
              "description": "No description",
              "cost": 1.9913839356593663,
              "memory": 229376.0,
              "number": 1
            }
          },
          "response_time": 0.4312991799247445
        }
      },
      "response_time": 0.4312991799247445,
      "response_time_threshold": 1.799916106454906
    },
    "c5": {
      "s3": {
        "h6": {
          "computationallayer3": {
            "VM3": {
              "description": "No description",
              "cost": 1.9913839356593663,
              "memory": 229376.0,
              "number": 1
            }
          },
          "response_time": 0.11825182132626294
        },
        "h7": {
          "computationallayer4": {
            "F16": {
              "description": "No description",
              "cost": 0.07379201140065461,
              "memory": 229376.0,
              "idle_time_before_kill": 600.0,
              "transition_cost": 0.0
            }
          },
          "response_time": 2.1104554578207657
        },
        "h8": {
          "computationallayer3": {
            "VM3": {
              "description": "No description",
              "cost": 1.9913839356593663,
              "memory": 229376.0,
              "number": 1
            }
          },
          "response_time": 0.12060653971094626
        }
      },
      "response_time": 1.1421670455637956,
      "response_time_threshold": 1.437831764098487
    },
    "c6": {
      "s1": {
        "h1": {
          "computationallayer3": {
            "VM3": {
              "description": "No description",
              "cost": 1.9913839356593663,
              "memory": 229376.0,
              "number": 1
            }
          },
          "response_time": 0.40697128315776554
        }
      },
      "response_time": 0.40697128315776554,
      "response_time_threshold": 1.469098809051298
    },
    "c7": {
      "s1": {
        "h1": {
          "computationallayer4": {
            "F19": {
              "description": "No description",
              "cost": 0.3553103624164283,
              "memory": 229376.0,
              "idle_time_before_kill": 600.0,
              "transition_cost": 0.0
            }
          },
          "response_time": 2.843637574003196
        }
      },
      "response_time": 2.843637574003196,
      "response_time_threshold": "inf"
    }
  },
  "global_constraints": {
    "p1": {
      "components": [
        "c1",
        "c2"
      ],
      "global_res_time": 2.572335055929248,
      "path_response_time": 2.01030925106702
    },
    "p2": {
      "components": [
        "c3",
        "c4",
        "c5"
      ],
      "global_res_time": 3.224182960103924,
      "path_response_time": 1.7853998901695391
    },
    "p3": {
      "components": [
        "c4",
        "c5",
        "c6"
      ],
      "global_res_time": 3.212431722542235,
      "path_response_time": 1.9804375086463057
    }
  },
  "total_cost": "5.710120168241299"
}