{
  "Lambda": 1.8,
  "components": {
    "c1": {
      "s1": {
        "h1": {
          "computationallayer1": {
            "Drone1": {
              "description": "No description",
              "cost": 4.551324941197953,
              "memory": 327680.0,
              "number": 1
            }
          },
          "response_time": 0.2813603538954769
        }
      },
      "response_time": 0.2813603538954769,
      "response_time_threshold": "inf"
    },
    "c2": {
      "s1": {
        "h1": {
          "computationallayer2": {
            "EN4": {
              "description": "No description",
              "cost": 12.767824312949722,
              "memory": 327680.0,
              "number": 2
            }
          },
          "response_time": 2.684882704499038
        }
      },
      "response_time": 2.684882704499038,
      "response_time_threshold": "inf"
    },
    "c3": {
      "s2": {
        "h2": {
          "computationallayer1": {
            "Drone1": {
              "description": "No description",
              "cost": 4.551324941197953,
              "memory": 327680.0,
              "number": 1
            }
          },
          "response_time": 1.3167507414466086
        },
        "h3": {
          "computationallayer3": {
            "EN8": {
              "description": "No description",
              "cost": 6.417136623308428,
              "memory": 327680.0,
              "number": 1
            }
          },
          "response_time": 0.46599012054964783
        },
        "h4": {
          "computationallayer1": {
            "Drone1": {
              "description": "No description",
              "cost": 4.551324941197953,
              "memory": 327680.0,
              "number": 1
            }
          },
          "response_time": 1.2741487165490064
        },
        "h5": {
          "computationallayer1": {
            "Drone1": {
              "description": "No description",
              "cost": 4.551324941197953,
              "memory": 327680.0,
              "number": 1
            }
          },
          "response_time": 1.284988628206692
        }
      },
      "response_time": 1.7916941033244682,
      "response_time_threshold": 9.533580829688436
    },
    "c4": {
      "s1": {
        "h1": {
          "computationallayer2": {
            "EN4": {
              "description": "No description",
              "cost": 12.767824312949722,
              "memory": 327680.0,
              "number": 2
            }
          },
          "response_time": 2.8198293946057116
        }
      },
      "response_time": 2.8198293946057116,
      "response_time_threshold": "inf"
    },
    "c5": {
      "s1": {
        "h1": {
          "computationallayer2": {
            "EN4": {
              "description": "No description",
              "cost": 12.767824312949722,
              "memory": 327680.0,
              "number": 2
            }
          },
          "response_time": 4.366669152955728
        }
      },
      "response_time": 4.366669152955728,
      "response_time_threshold": "inf"
    },
    "c6": {
      "s1": {
        "h1": {
          "computationallayer2": {
            "EN4": {
              "description": "No description",
              "cost": 12.767824312949722,
              "memory": 327680.0,
              "number": 2
            }
          },
          "response_time": 4.264863034683946
        }
      },
      "response_time": 4.264863034683946,
      "response_time_threshold": 8.027321923404433
    },
    "c7": {
      "s1": {
        "h1": {
          "computationallayer4": {
            "VM3": {
              "description": "No description",
              "cost": 0.2358988818994735,
              "memory": 327680.0,
              "number": 3
            }
          },
          "response_time": 0.7134284000948685
        }
      },
      "response_time": 0.7134284000948685,
      "response_time_threshold": "inf"
    },
    "c8": {
      "s1": {
        "h1": {
          "computationallayer4": {
            "VM3": {
              "description": "No description",
              "cost": 0.2358988818994735,
              "memory": 327680.0,
              "number": 3
            }
          },
          "response_time": 1.6157011456421464
        }
      },
      "response_time": 1.6157011456421464,
      "response_time_threshold": 9.07926123950282
    },
    "c9": {
      "s3": {
        "h6": {
          "computationallayer4": {
            "VM3": {
              "description": "No description",
              "cost": 0.2358988818994735,
              "memory": 327680.0,
              "number": 3
            }
          },
          "response_time": 1.1074146623999868
        },
        "h7": {
          "computationallayer4": {
            "VM3": {
              "description": "No description",
              "cost": 0.2358988818994735,
              "memory": 327680.0,
              "number": 3
            }
          },
          "response_time": 1.211426678959687
        }
      },
      "response_time": 2.3153641506167886,
      "response_time_threshold": "inf"
    },
    "c10": {
      "s1": {
        "h1": {
          "computationallayer4": {
            "VM3": {
              "description": "No description",
              "cost": 0.2358988818994735,
              "memory": 327680.0,
              "number": 3
            }
          },
          "response_time": 2.1409351504202214
        }
      },
      "response_time": 2.1409351504202214,
      "response_time_threshold": 9.946746873770039
    }
  },
  "global_constraints": {
    "p1": {
      "components": [
        "c4",
        "c5",
        "c6",
        "c9"
      ],
      "global_res_time": 19.30545835463697,
      "path_response_time": 13.772725732862176
    },
    "p2": {
      "components": [
        "c1",
        "c2",
        "c3",
        "c5"
      ],
      "global_res_time": 15.053391120827674,
      "path_response_time": 9.136606314674712
    },
    "p3": {
      "components": [
        "c4",
        "c5"
      ],
      "global_res_time": 15.005910327722313,
      "path_response_time": 7.18649854756144
    },
    "p4": {
      "components": [
        "c2",
        "c3",
        "c4",
        "c5",
        "c6",
        "c7"
      ],
      "global_res_time": 19.61055041954061,
      "path_response_time": 16.655866790163763
    }
  },
  "total_cost": "23.972184759355578"
}