{
  "Lambda": 1.8,
  "components": {
    "c1": {
      "s1": {
        "h1": {
          "computationallayer1": {
            "Drone1": {
              "description": "No description",
              "cost": 4.754647691529858,
              "memory": 163840.0,
              "number": 1
            }
          },
          "response_time": 0.29978510556126625
        }
      },
      "response_time": 0.29978510556126625,
      "response_time_threshold": 10.493354494006597
    },
    "c2": {
      "s2": {
        "h2": {
          "computationallayer1": {
            "Drone1": {
              "description": "No description",
              "cost": 4.754647691529858,
              "memory": 163840.0,
              "number": 1
            }
          },
          "response_time": 0.7957996686999915
        },
        "h3": {
          "computationallayer1": {
            "Drone1": {
              "description": "No description",
              "cost": 4.754647691529858,
              "memory": 163840.0,
              "number": 1
            }
          },
          "response_time": 0.7904529576750041
        },
        "h4": {
          "computationallayer1": {
            "Drone1": {
              "description": "No description",
              "cost": 4.754647691529858,
              "memory": 163840.0,
              "number": 1
            }
          },
          "response_time": 0.71863810346163
        }
      },
      "response_time": 1.6592390644943291,
      "response_time_threshold": 11.280740998814622
    },
    "c3": {
      "s1": {
        "h1": {
          "computationallayer2": {
            "EN1": {
              "description": "No description",
              "cost": 6.591923413759357,
              "memory": 163840.0,
              "number": 1
            }
          },
          "response_time": 2.326965491529673
        }
      },
      "response_time": 2.326965491529673,
      "response_time_threshold": "inf"
    },
    "c4": {
      "s3": {
        "h5": {
          "computationallayer2": {
            "EN1": {
              "description": "No description",
              "cost": 6.591923413759357,
              "memory": 163840.0,
              "number": 1
            }
          },
          "response_time": 1.2060045515672109
        },
        "h6": {
          "computationallayer2": {
            "EN1": {
              "description": "No description",
              "cost": 6.591923413759357,
              "memory": 163840.0,
              "number": 1
            }
          },
          "response_time": 1.129271161648399
        }
      },
      "response_time": 1.9747716041634238,
      "response_time_threshold": 11.778861714118317
    },
    "c5": {
      "s1": {
        "h1": {
          "computationallayer3": {
            "VM3": {
              "description": "No description",
              "cost": 0.39387315856901506,
              "memory": 163840.0,
              "number": 1
            }
          },
          "response_time": 0.3614668982734787
        }
      },
      "response_time": 0.3614668982734787,
      "response_time_threshold": "inf"
    }
  },
  "global_constraints": {
    "p1": {
      "components": [
        "c2",
        "c4"
      ],
      "global_res_time": 33.07221275709938,
      "path_response_time": 3.637510668657753
    },
    "p2": {
      "components": [
        "c2",
        "c4",
        "c5"
      ],
      "global_res_time": 25.78314985709756,
      "path_response_time": 4.004977566931232
    },
    "p3": {
      "components": [
        "c1",
        "c2"
      ],
      "global_res_time": 29.12192697389153,
      "path_response_time": 1.9590241700555953
    }
  },
  "total_cost": "11.74044426385823"
}