{
  "Lambda": 1.8,
  "components": {
    "c1": {
      "s2": {
        "h2": {
          "computationallayer1": {
            "Drone1": {
              "description": "No description",
              "cost": 4.296379045595398,
              "memory": 491520.0,
              "number": 1
            }
          },
          "response_time": 0.10808676189253816
        },
        "h3": {
          "computationallayer1": {
            "Drone1": {
              "description": "No description",
              "cost": 4.296379045595398,
              "memory": 491520.0,
              "number": 1
            }
          },
          "response_time": 0.10818254574843258
        },
        "h4": {
          "computationallayer1": {
            "Drone1": {
              "description": "No description",
              "cost": 4.296379045595398,
              "memory": 491520.0,
              "number": 1
            }
          },
          "response_time": 0.10010791899384953
        }
      },
      "response_time": 0.1365604005582304,
      "response_time_threshold": 9.803239312357437
    },
    "c2": {
      "s3": {
        "h6": {
          "computationallayer1": {
            "Drone1": {
              "description": "No description",
              "cost": 4.296379045595398,
              "memory": 491520.0,
              "number": 1
            }
          },
          "response_time": 0.09430843575517886
        },
        "h7": {
          "computationallayer1": {
            "Drone1": {
              "description": "No description",
              "cost": 4.296379045595398,
              "memory": 491520.0,
              "number": 1
            }
          },
          "response_time": 0.09678253841080178
        },
        "h8": {
          "computationallayer1": {
            "Drone1": {
              "description": "No description",
              "cost": 4.296379045595398,
              "memory": 491520.0,
              "number": 1
            }
          },
          "response_time": 0.09225872594278214
        }
      },
      "response_time": 0.1420849605638584,
      "response_time_threshold": 7.650935087647051
    },
    "c3": {
      "s2": {
        "h2": {
          "computationallayer1": {
            "Drone1": {
              "description": "No description",
              "cost": 4.296379045595398,
              "memory": 491520.0,
              "number": 1
            }
          },
          "response_time": 0.7836970418921423
        },
        "h3": {
          "computationallayer2": {
            "EN5": {
              "description": "No description",
              "cost": 7.43797422788863,
              "memory": 491520.0,
              "number": 1
            }
          },
          "response_time": 1.7223174187292232
        },
        "h4": {
          "computationallayer2": {
            "EN5": {
              "description": "No description",
              "cost": 7.43797422788863,
              "memory": 491520.0,
              "number": 1
            }
          },
          "response_time": 1.856437726394083
        },
        "h5": {
          "computationallayer2": {
            "EN5": {
              "description": "No description",
              "cost": 7.43797422788863,
              "memory": 491520.0,
              "number": 1
            }
          },
          "response_time": 1.9907812532189437
        }
      },
      "response_time": 3.768743365228718,
      "response_time_threshold": "inf"
    },
    "c4": {
      "s3": {
        "h6": {
          "computationallayer2": {
            "EN5": {
              "description": "No description",
              "cost": 7.43797422788863,
              "memory": 491520.0,
              "number": 1
            }
          },
          "response_time": 2.4171433458234604
        },
        "h7": {
          "computationallayer2": {
            "EN5": {
              "description": "No description",
              "cost": 7.43797422788863,
              "memory": 491520.0,
              "number": 1
            }
          },
          "response_time": 2.408812306841676
        }
      },
      "response_time": 2.8230374665689024,
      "response_time_threshold": "inf"
    },
    "c5": {
      "s2": {
        "h2": {
          "computationallayer1": {
            "Drone1": {
              "description": "No description",
              "cost": 4.296379045595398,
              "memory": 491520.0,
              "number": 1
            }
          },
          "response_time": 0.8305782841871066
        },
        "h3": {
          "computationallayer2": {
            "EN5": {
              "description": "No description",
              "cost": 7.43797422788863,
              "memory": 491520.0,
              "number": 1
            }
          },
          "response_time": 1.397523144532246
        },
        "h4": {
          "computationallayer1": {
            "Drone1": {
              "description": "No description",
              "cost": 4.296379045595398,
              "memory": 491520.0,
              "number": 1
            }
          },
          "response_time": 0.8352177674349017
        },
        "h5": {
          "computationallayer2": {
            "EN5": {
              "description": "No description",
              "cost": 7.43797422788863,
              "memory": 491520.0,
              "number": 1
            }
          },
          "response_time": 1.4425136133883951
        }
      },
      "response_time": 3.1257716580158528,
      "response_time_threshold": "inf"
    },
    "c6": {
      "s1": {
        "h1": {
          "computationallayer2": {
            "EN5": {
              "description": "No description",
              "cost": 7.43797422788863,
              "memory": 491520.0,
              "number": 1
            }
          },
          "response_time": 6.981674805886595
        }
      },
      "response_time": 6.981674805886595,
      "response_time_threshold": "inf"
    },
    "c7": {
      "s1": {
        "h1": {
          "computationallayer2": {
            "EN5": {
              "description": "No description",
              "cost": 7.43797422788863,
              "memory": 491520.0,
              "number": 1
            }
          },
          "response_time": 5.938174553506193
        }
      },
      "response_time": 5.938174553506193,
      "response_time_threshold": 9.631803741503496
    },
    "c8": {
      "s1": {
        "h1": {
          "computationallayer2": {
            "EN5": {
              "description": "No description",
              "cost": 7.43797422788863,
              "memory": 491520.0,
              "number": 1
            }
          },
          "response_time": 6.366190913237399
        }
      },
      "response_time": 6.366190913237399,
      "response_time_threshold": "inf"
    },
    "c9": {
      "s2": {
        "h2": {
          "computationallayer5": {
            "VM7": {
              "description": "No description",
              "cost": 0.17515797013903767,
              "memory": 491520.0,
              "number": 1
            }
          },
          "response_time": 0.4341865285934001
        },
        "h3": {
          "computationallayer4": {
            "VM1": {
              "description": "No description",
              "cost": 1.5001664612801562,
              "memory": 491520.0,
              "number": 2
            }
          },
          "response_time": 0.30843732680471625
        },
        "h4": {
          "computationallayer4": {
            "VM1": {
              "description": "No description",
              "cost": 1.5001664612801562,
              "memory": 491520.0,
              "number": 2
            }
          },
          "response_time": 0.297737211781264
        }
      },
      "response_time": 0.615979637541598,
      "response_time_threshold": 7.60796936889768
    },