{
  "Lambda": 1.8,
  "components": {
    "c1": {
      "s2": {
        "h2": {
          "computationallayer1": {
            "Drone1": {
              "description": "No description",
              "cost": 4.358766371411678,
              "memory": 163840.0,
              "number": 1
            }
          },
          "response_time": 0.060514822823190324
        },
        "h3": {
          "computationallayer1": {
            "Drone1": {
              "description": "No description",
              "cost": 4.358766371411678,
              "memory": 163840.0,
              "number": 1
            }
          },
          "response_time": 0.06097821769239717
        },
        "h4": {
          "computationallayer1": {
            "Drone1": {
              "description": "No description",
              "cost": 4.358766371411678,
              "memory": 163840.0,
              "number": 1
            }
          },
          "response_time": 0.05971141888112296
        },
        "h5": {
          "computationallayer1": {
            "Drone1": {
              "description": "No description",
              "cost": 4.358766371411678,
              "memory": 163840.0,
              "number": 1
            }
          },
          "response_time": 0.06183083698860541
        }
      },
      "response_time": 0.13015352101409325,
      "response_time_threshold": 14.771095446663402
    },
    "c2": {
      "s1": {
        "h1": {
          "computationallayer1": {
            "Drone1": {
              "description": "No description",
              "cost": 4.358766371411678,
              "memory": 163840.0,
              "number": 1
            }
          },
          "response_time": 1.4481224067491207
        }
      },
      "response_time": 1.4481224067491207,
      "response_time_threshold": "inf"
    },
    "c3": {
      "s2": {
        "h2": {
          "computationallayer2": {
            "EN1": {
              "description": "No description",
              "cost": 6.166338183801485,
              "memory": 163840.0,
              "number": 1
            }
          },
          "response_time": 0.7357850296948086
        },
        "h3": {
          "computationallayer2": {
            "EN1": {
              "description": "No description",
              "cost": 6.166338183801485,
              "memory": 163840.0,
              "number": 1
            }
          },
          "response_time": 0.7471337437671115
        },
        "h4": {
          "computationallayer2": {
            "EN1": {
              "description": "No description",
              "cost": 6.166338183801485,
              "memory": 163840.0,
              "number": 1
            }
          },
          "response_time": 0.7472154195014008
        }
      },
      "response_time": 0.8952710304510866,
      "response_time_threshold": 13.540724374456891
    },
    "c4": {
      "s1": {
        "h1": {
          "computationallayer2": {
            "EN1": {
              "description": "No description",
              "cost": 6.166338183801485,
              "memory": 163840.0,
              "number": 1
            }
          },
          "response_time": 1.6064329089682539
        }
      },
      "response_time": 1.6064329089682539,
      "response_time_threshold": 12.744025591410413
    },
    "c5": {
      "s1": {
        "h1": {
          "computationallayer3": {
            "VM2": {
              "description": "No description",
              "cost": 0.47228264268572717,
              "memory": 163840.0,
              "number": 1
            }
          },
          "response_time": 2.6573825615117723
        }
      },
      "response_time": 2.6573825615117723,
      "response_time_threshold": "inf"
    }
  },
  "global_constraints": {
    "p1": {
      "components": [
        "c2",
        "c3"
      ],
      "global_res_time": 27.707103264619253,
      "path_response_time": 2.3463934372002075
    },
    "p2": {
      "components": [
        "c1",
        "c3",
        "c5"
      ],
      "global_res_time": 39.309339609314236,
      "path_response_time": 3.693307112976952
    },
    "p3": {
      "components": [
        "c1",
        "c2",
        "c3"
      ],
      "global_res_time": 29.191804062859102,
      "path_response_time": 2.4765469582143007
    }
  },
  "total_cost": "10.99738719789889"
}