{
  "Lambda": 1.8,
  "components": {
    "c1": {
      "s1": {
        "h1": {
          "computationallayer1": {
            "Drone1": {
              "description": "No description",
              "cost": 4.403469840480666,
              "memory": 491520.0,
              "number": 1
            }
          },
          "response_time": 0.4569644845082485
        }
      },
      "response_time": 0.4569644845082485,
      "response_time_threshold": 9.635585567003066
    },
    "c2": {
      "s3": {
        "h5": {
          "computationallayer1": {
            "Drone1": {
              "description": "No description",
              "cost": 4.403469840480666,
              "memory": 491520.0,
              "number": 1
            }
          },
          "response_time": 0.2460043870385865
        },
        "h6": {
          "computationallayer1": {
            "Drone1": {
              "description": "No description",
              "cost": 4.403469840480666,
              "memory": 491520.0,
              "number": 1
            }
          },
          "response_time": 0.2547845869212389
        }
      },
      "response_time": 0.2772574768462582,
      "response_time_threshold": "inf"
    },
    "c3": {
      "s1": {
        "h1": {
          "computationallayer3": {
            "EN10": {
              "description": "No description",
              "cost": 6.2450199628748395,
              "memory": 491520.0,
              "number": 1
            }
          },
          "response_time": 6.322808557104391
        }
      },
      "response_time": 6.322808557104391,
      "response_time_threshold": "inf"
    },
    "c4": {
      "s1": {
        "h1": {
          "computationallayer1": {
            "Drone1": {
              "description": "No description",
              "cost": 4.403469840480666,
              "memory": 491520.0,
              "number": 1
            }
          },
          "response_time": 3.2301934173310993
        }
      },
      "response_time": 3.2301934173310993,
      "response_time_threshold": 9.574268416847328
    },
    "c5": {
      "s1": {
        "h1": {
          "computationallayer3": {
            "EN10": {
              "description": "No description",
              "cost": 6.2450199628748395,
              "memory": 491520.0,
              "number": 1
            }
          },
          "response_time": 3.5905405308695184
        }
      },
      "response_time": 3.5905405308695184,
      "response_time_threshold": "inf"
    },
    "c6": {
      "s1": {
        "h1": {
          "computationallayer3": {
            "EN10": {
              "description": "No description",
              "cost": 6.2450199628748395,
              "memory": 491520.0,
              "number": 1
            }
          },
          "response_time": 5.706304467788641
        }
      },
      "response_time": 5.706304467788641,
      "response_time_threshold": 9.092161581316404
    },
    "c7": {
      "s3": {
        "h5": {
          "computationallayer3": {
            "EN10": {
              "description": "No description",
              "cost": 6.2450199628748395,
              "memory": 491520.0,
              "number": 1
            }
          },
          "response_time": 2.735601967419721
        },
        "h6": {
          "computationallayer3": {
            "EN10": {
              "description": "No description",
              "cost": 6.2450199628748395,
              "memory": 491520.0,
              "number": 1
            }
          },
          "response_time": 2.674054021637607
        }
      },
      "response_time": 4.877960360090758,
      "response_time_threshold": "inf"
    },
    "c8": {
      "s1": {
        "h1": {
          "computationallayer3": {
            "EN10": {
              "description": "No description",
              "cost": 6.2450199628748395,
              "memory": 491520.0,
              "number": 1
            }
          },
          "response_time": 4.065511027803988
        }
      },
      "response_time": 4.065511027803988,
      "response_time_threshold": "inf"
    },
    "c9": {
      "s1": {
        "h1": {
          "computationallayer4": {
            "VM3": {
              "description": "No description",
              "cost": 0.15662997141951196,
              "memory": 491520.0,
              "number": 1
            }
          },
          "response_time": 8.1138836147266
        }
      },
      "response_time": 8.1138836147266,
      "response_time_threshold": "inf"
    },
    "c10": {
      "s1": {
        "h1": {
          "computationallayer4": {
            "VM3": {
              "description": "No description",
              "cost": 0.15662997141951196,
              "memory": 491520.0,
              "number": 1
            }
          },
          "response_time": 4.132300850904698
        }
      },
      "response_time": 4.132300850904698,
      "response_time_threshold": "inf"
    },
    "c11": {
      "s1": {
        "h1": {
          "computationallayer5": {
            "VM8": {
              "description": "No description",
              "cost": 0.4804016444065571,
              "memory": 491520.0,
              "number": 1
            }
          },
          "response_time": 3.570159748938621
        }
      },
      "response_time": 3.570159748938621,
      "response_time_threshold": "inf"
    },
    "c12": {
      "s1": {
        "h1": {
          "computationallayer6": {
            "VM15": {
              "description": "No description",
              "cost": 3.5686328193374934,
              "memory": 491520.0,
              "number": 1
            }
          },
          "response_time": 1.9449846296397157
        }
      },
      "response_time": 1.9449846296397157,
      "response_time_threshold": 9.639908072764126
    },
    "c13": {
      "s2": {
        "h2": {
          "computationallayer5": {
            "VM8": {
              "description": "No description",
              "cost": 0.4804016444065571,
              "memory": 491520.0,
              "number": 1
            }
          },
          "response_time": 1.5828614138593988
        },
        "h3": {
          "computationallayer4": {
            "VM3": {
              "description": "No description",
              "cost": 0.15662997141951196,
              "memory": 491520.0,
              "number": 1
            }
          },
          "response_time": 1.7717817635615773
        },
        "h4": {
          "computationallayer6": {
            "VM15": {
              "description": "No description",
              "cost": 3.5686328193374934,
              "memory": 491520.0,
              "number": 1
            }
          },
          "response_time": 1.680490575475197
        }
      },
      "response_time": 3.467290875465055,
      "response_time_threshold": "inf"
    },
    "c14": {
      "s2": {
        "h2": {
          "computationallayer4": {
            "VM3": {
              "description": "No description",
              "cost": 0.15662997141951196,
              "memory": 491520.0,
              "number": 1
            }
          },
          "response_time": 3.01471176015449
        },
        "h3": {
          "computationallayer7": {
            "F24": {
              "description": "No description",
              "cost": 0.3263716243060254,
              "memory": 491520.0,
              "idle_time_before_kill": 600.0,
              "transition_cost": 0.0
            }
          },
          "response_time": 2.023687748118968
        }
      },
      "response_time": 4.992146851706784,
      "response_time_threshold": "inf"
    },
    "c15": {
      "s3": {
        "h4": {
          "computationallayer4": {
            "VM3": {
              "description": "No description",
              "cost": 0.15662997141951196,
              "memory": 491520.0,
              "number": 1
            }
          },
          "response_time": 2.280645168507167
        },