{
    "Costs": [
        3.427305179187838,
        1.219178003223843,
        1.2018780871976014,
        1.337846195084678,
        1.4691300843208388,
        1.5883321337502658,
        1.432189913294248,
        1.3834624705526928,
        1.2370428900701511,
        1.2018780871976014,
        1.2018780871976014,
        1.1954012515156491,
        1.181015827172778,
        1.1805784253026712,
        1.199002759083345,
        1.2018780871976014,
        1.2018780871976014,
        1.2656678427798407,
        1.4486619370287408,
        1.670524411437731,
        1.7751703301975261,
        1.7345445214754238,
        1.397418149945812,
        1.3111760116633366,
        1.219178003223843
    ],
    "FractionCostByRes": {
        "Edge": [
            0.4770455534295043,
            0.8995045566435799,
            0.9069916221249648,
            0.8408092140451255,
            0.8472548320935376,
            0.8315226652148755,
            0.83810746653929,
            0.855317795774184,
            0.8900908744798116,
            0.9069916221249648,
            0.9069916221249648,
            0.9111086593053074,
            0.9193613900936372,
            0.9196288972545336,
            0.908405872134647,
            0.9069916221249648,
            0.9069916221249648,
            0.8756890702802631,
            0.8546501712592509,
            0.8036053268775953,
            0.7677547524127167,
            0.7768813893047603,
            0.8504123827010585,
            0.8484907807643431,
            0.8995045566435799
        ],
        "FaaS": [
            0.15329066395965402,
            0.0,
            0.0,
            0.023245280618878015,
            0.017914252126640943,
            0.05344037217498504,
            0.0256224076632262,
            0.006949958321598376,
            0.02191550808295194,
            0.0,
            0.0,
            0.03617512220151231,
            0.027922391413182535,
            0.02765488425228607,
            0.025889711190751213,
            0.0,
            0.0,
            0.016923083652026688,
            0.010867802082341605,
            0.0548651880212382,
            0.042702106854175484,
            0.042712843840202616,
            0.01162965532680855,
            0.023811558778500184,
            0.0
        ],
        "VM": [
            0.3696637826108416,
            0.10049544335642005,
            0.09300837787503528,
            0.1359455053359964,
            0.13483091577982148,
            0.1150369626101394,
            0.13627012579748388,
            0.13773224590421773,
            0.08799361743723655,
            0.09300837787503528,
            0.09300837787503528,
            0.0527162184931803,
            0.0527162184931803,
            0.0527162184931803,
            0.06570441667460192,
            0.09300837787503528,
            0.09300837787503528,
            0.1073878460677103,
            0.1344820266584076,
            0.14152948510116659,
            0.18954314073310785,
            0.18040576685503712,
            0.13795796197213311,
            0.12769766045715664,
            0.10049544335642005
        ]
    },
    "GlobalConstraints": {
        "p1": {
            "response_time": [
                0.0,
                4.989865806954867,
                8.003679335676011,
                9.173448762273646,
                9.921148210960936,
                10.458394612153482,
                9.762526587535616,
                9.10268205940439,
                10.452269812701982,
                6.705202908940455,
                4.2358906917629175,
                3.9616765340754134,
                3.6112147209084595,
                3.636859184410271,
                3.8156991876341353,
                4.257553877823639,
                7.189933732306829,
                11.09573338322076,
                9.309089448128436,
                10.554884246768149,
                9.447730516080542,
                11.512971855191498,
                10.962170407369678,
                8.705602537115988,
                9.167040498582725
            ]
        },
        "p2": {
            "response_time": [
                0.0,
                4.760668216643053,
                8.45583136549035,
                11.642710509206456,
                11.300294300883891,
                11.466569345940153,
                9.610459676672836,
                9.82612329517477,
                11.128651933946154,
                7.004356539656283,
                4.401822705990795,
                3.6234596566433246,
                3.276704207341652,
                3.2057505784724234,
                3.4238300137621316,
                4.416573445217298,
                7.616422422971091,
                12.437300558480421,
                9.663915020958253,
                10.248445414848195,
                10.537350056686662,
                10.969708014998687,
                10.229808579380236,
                9.488091053763547,
                9.336345879235587
            ]
        },
        "p3": {
            "response_time": [
                0.0,
                5.55191460751499,
                9.486493906735081,
                9.472899427005125,
                9.571522701995752,
                10.098232666780488,
                10.148522507519598,
                10.390388973616146,
                10.560655809512877,
                7.552072711122179,
                4.93126195462165,
                4.7084644658976185,
                4.292804288957915,
                4.241012923195574,
                4.292196674719583,
                4.907707914972354,
                7.9373507300824615,
                12.044069175439255,
                10.723556008549831,
                10.422880824850289,
                11.777833186763448,
                10.982074235451332,
                10.454719339434781,
                9.993124666369159,
                9.247290417088612
            ]
        },
        "p4": {
            "response_time": [
                0.0,
                5.988027591774784,
                10.661968390892437,
                10.57161121352528,
                12.02311145873485,
                13.262210385120591,
                10.78816059539393,
                10.725422658791492,
                11.873344297373041,
                8.166740938356266,
                5.066621310426724,
                4.793762120391062,
                4.451321056320398,
                4.376491479357919,
                4.693356583522794,
                5.2574543651724595,
                8.919781349969293,
                11.81983044994029,
                11.551304257699911,
                12.85449342079887,
                13.270353720353901,
                12.816293428624519,
                11.2874376785729,
                11.368014715790514,
                10.658616960433744
            ]
        },
        "p5": {
            "response_time": [
                0.0,
                4.784503300408091,
                8.876624461385312,
                10.323728094818595,
                11.706974934313248,
                13.417111985014307,
                11.50864573860581,
                9.016923321864265,
                10.085837267035036,
                6.775148428372054,
                4.065555801178214,
                3.8357926568358813,
                3.53761656998748,
                3.4601231602138443,
                3.2013425670952835,
                4.077175766381863,
                7.220164853212789,
                11.534492706257318,
                11.316471659890837,
                11.265817968787342,
                11.831774998727571,
                11.39678514357183,
                9.838037028862036,
                10.269324793938171,
                9.046932810514914
            ]
        }
    },