{
  "Lambda": 1.8,
  "components": {
    "c1": {
      "s3": {
        "h6": {
          "computationallayer1": {
            "Drone1": {
              "description": "No description",
              "cost": 4.493090718402959,
              "memory": 327680.0,
              "number": 1
            }
          },
          "response_time": 0.12310983892686118
        },
        "h7": {
          "computationallayer1": {
            "Drone1": {
              "description": "No description",
              "cost": 4.493090718402959,
              "memory": 327680.0,
              "number": 1
            }
          },
          "response_time": 0.12911296040020817
        },
        "h8": {
          "computationallayer1": {
            "Drone1": {
              "description": "No description",
              "cost": 4.493090718402959,
              "memory": 327680.0,
              "number": 1
            }
          },
          "response_time": 0.12659657453636317
        }
      },
      "response_time": 0.30386074054931855,
      "response_time_threshold": "inf"
    },
    "c2": {
      "s2": {
        "h2": {
          "computationallayer3": {
            "EN8": {
              "description": "No description",
              "cost": 12.29277688492332,
              "memory": 327680.0,
              "number": 2
            }
          },
          "response_time": 8.031441899016231
        },
        "h3": {
          "computationallayer1": {
            "Drone1": {
              "description": "No description",
              "cost": 4.493090718402959,
              "memory": 327680.0,
              "number": 1
            }
          },
          "response_time": 1.8704865414942866
        }
      },
      "response_time": 8.213154675742711,
      "response_time_threshold": 79.19591906790575
    },
    "c3": {
      "s2": {
        "h2": {
          "computationallayer3": {
            "EN8": {
              "description": "No description",
              "cost": 12.29277688492332,
              "memory": 327680.0,
              "number": 2
            }
          },
          "response_time": 7.676723731097843
        },
        "h3": {
          "computationallayer1": {
            "Drone1": {
              "description": "No description",
              "cost": 4.493090718402959,
              "memory": 327680.0,
              "number": 1
            }
          },
          "response_time": 1.9445530493565262
        }
      },
      "response_time": 8.557581652667336,
      "response_time_threshold": "inf"
    },
    "c4": {
      "s2": {
        "h2": {
          "computationallayer3": {
            "EN8": {
              "description": "No description",
              "cost": 12.29277688492332,
              "memory": 327680.0,
              "number": 2
            }
          },
          "response_time": 9.626422239810058
        },
        "h3": {
          "computationallayer3": {
            "EN8": {
              "description": "No description",
              "cost": 12.29277688492332,
              "memory": 327680.0,
              "number": 2
            }
          },
          "response_time": 9.363445080443366
        }
      },
      "response_time": 16.156201927410617,
      "response_time_threshold": 88.35145968695385
    },
    "c5": {
      "s2": {
        "h2": {
          "computationallayer3": {
            "EN8": {
              "description": "No description",
              "cost": 12.29277688492332,
              "memory": 327680.0,
              "number": 2
            }
          },
          "response_time": 3.9769576854119744
        },
        "h3": {
          "computationallayer3": {
            "EN8": {
              "description": "No description",
              "cost": 12.29277688492332,
              "memory": 327680.0,
              "number": 2
            }
          },
          "response_time": 3.920405950215141
        },
        "h4": {
          "computationallayer3": {
            "EN8": {
              "description": "No description",
              "cost": 12.29277688492332,
              "memory": 327680.0,
              "number": 2
            }
          },
          "response_time": 3.572914136313732
        },
        "h5": {
          "computationallayer3": {
            "EN8": {
              "description": "No description",
              "cost": 12.29277688492332,
              "memory": 327680.0,
              "number": 2
            }
          },
          "response_time": 3.4780518822348987
        }
      },
      "response_time": 8.328088404648504,
      "response_time_threshold": 82.26205170955507
    },
    "c6": {
      "s1": {
        "h1": {
          "computationallayer3": {
            "EN8": {
              "description": "No description",
              "cost": 12.29277688492332,
              "memory": 327680.0,
              "number": 2
            }
          },
          "response_time": 12.388155518388157
        }
      },
      "response_time": 12.388155518388157,
      "response_time_threshold": "inf"
    },
    "c7": {
      "s1": {
        "h1": {
          "computationallayer4": {
            "VM1": {
              "description": "No description",
              "cost": 2.3329621286146853,
              "memory": 327680.0,
              "number": 3
            }
          },
          "response_time": 1.5634262441638462
        }
      },
      "response_time": 1.5634262441638462,
      "response_time_threshold": "inf"
    },
    "c8": {
      "s1": {
        "h1": {
          "computationallayer4": {
            "VM1": {
              "description": "No description",
              "cost": 2.3329621286146853,
              "memory": 327680.0,
              "number": 3
            }
          },
          "response_time": 1.036136652304716
        }
      },
      "response_time": 1.036136652304716,
      "response_time_threshold": 89.34603707490061
    },
    "c9": {
      "s1": {
        "h1": {
          "computationallayer4": {
            "VM1": {
              "description": "No description",
              "cost": 2.3329621286146853,
              "memory": 327680.0,
              "number": 3
            }
          },
          "response_time": 1.3679313022765096
        }
      },
      "response_time": 1.3679313022765096,
      "response_time_threshold": "inf"
    },
    "c10": {
      "s1": {
        "h1": {
          "computationallayer4": {
            "VM1": {
              "description": "No description",
              "cost": 2.3329621286146853,
              "memory": 327680.0,
              "number": 3
            }
          },
          "response_time": 1.2280108540822725
        }
      },
      "response_time": 1.2280108540822725,
      "response_time_threshold": "inf"
    }
  },
  "global_constraints": {
    "p1": {
      "components": [
        "c6",
        "c7",
        "c8"
      ],
      "global_res_time": 174.0770719246508,
      "path_response_time": 14.992051748190052
    },
    "p2": {
      "components": [
        "c2",
        "c3",
        "c4",
        "c5",
        "c6",
        "c7"
      ],
      "global_res_time": 158.7008006860732,
      "path_response_time": 55.224941756354504
    },
    "p3": {
      "components": [
        "c2",
        "c4",
        "c6"
      ],
      "global_res_time": 188.3746502480913,
      "path_response_time": 36.765512121541484
    },
    "p4": {
      "components": [
        "c1",
        "c2",
        "c3",
        "c7",
        "c9",
        "c10"
      ],
      "global_res_time": 199.00751543893375,
      "path_response_time": 21.25296546948199
    }
  },
  "total_cost": "19.118829731940966"
}