{
  "Lambda": 1.8,
  "components": {
    "c1": {
      "s1": {
        "h1": {
          "computationallayer1": {
            "Drone1": {
              "description": "No description",
              "cost": 4.463534713984058,
              "memory": 163840.0,
              "number": 1
            }
          },
          "response_time": 0.24843860943827697
        }
      },
      "response_time": 0.24843860943827697,
      "response_time_threshold": "inf"
    },
    "c2": {
      "s1": {
        "h1": {
          "computationallayer1": {
            "Drone1": {
              "description": "No description",
              "cost": 4.463534713984058,
              "memory": 163840.0,
              "number": 1
            }
          },
          "response_time": 3.4465163011813726
        }
      },
      "response_time": 3.4465163011813726,
      "response_time_threshold": 128.93748056602936
    },
    "c3": {
      "s1": {
        "h1": {
          "computationallayer2": {
            "EN2": {
              "description": "No description",
              "cost": 6.992563435342374,
              "memory": 163840.0,
              "number": 1
            }
          },
          "response_time": 7.3275152503065195
        }
      },
      "response_time": 7.3275152503065195,
      "response_time_threshold": 134.06031904039153
    },
    "c4": {
      "s1": {
        "h1": {
          "computationallayer3": {
            "VM1": {
              "description": "No description",
              "cost": 0.140158164766099,
              "memory": 163840.0,
              "number": 1
            }
          },
          "response_time": 0.5534923056901442
        }
      },
      "response_time": 0.5534923056901442,
      "response_time_threshold": "inf"
    },
    "c5": {
      "s1": {
        "h1": {
          "computationallayer3": {
            "VM1": {
              "description": "No description",
              "cost": 0.140158164766099,
              "memory": 163840.0,
              "number": 1
            }
          },
          "response_time": 0.624365071016202
        }
      },
      "response_time": 0.624365071016202,
      "response_time_threshold": 129.2153817878451
    }
  },
  "global_constraints": {
    "p1": {
      "components": [
        "c1",
        "c3",
        "c4",
        "c5"
      ],
      "global_res_time": 385.7013013708081,
      "path_response_time": 8.762811236451142
    },
    "p2": {
      "components": [
        "c1",
        "c2"
      ],
      "global_res_time": 252.83055966760452,
      "path_response_time": 3.6949549106196495
    },
    "p3": {
      "components": [
        "c4",
        "c5"
      ],
      "global_res_time": 254.86374382937902,
      "path_response_time": 1.177857376706346
    }
  },
  "total_cost": "11.596256314092532"
}