{
  "Lambda": 1.8,
  "components": {
    "c1": {
      "s1": {
        "h1": {
          "computationallayer1": {
            "Drone1": {
              "description": "No description",
              "cost": 4.296379045595398,
              "memory": 491520.0,
              "number": 1
            }
          },
          "response_time": 0.3831386793169175
        }
      },
      "response_time": 0.3831386793169175,
      "response_time_threshold": 98.03239312357437
    },
    "c2": {
      "s1": {
        "h1": {
          "computationallayer1": {
            "Drone1": {
              "description": "No description",
              "cost": 4.296379045595398,
              "memory": 491520.0,
              "number": 1
            }
          },
          "response_time": 0.3378860687626011
        }
      },
      "response_time": 0.3378860687626011,
      "response_time_threshold": 76.5093508764705
    },
    "c3": {
      "s3": {
        "h6": {
          "computationallayer1": {
            "Drone1": {
              "description": "No description",
              "cost": 4.296379045595398,
              "memory": 491520.0,
              "number": 1
            }
          },
          "response_time": 2.097909741790725
        },
        "h7": {
          "computationallayer3": {
            "EN8": {
              "description": "No description",
              "cost": 7.365546052372024,
              "memory": 491520.0,
              "number": 1
            }
          },
          "response_time": 16.841065827232345
        }
      },
      "response_time": 12.942850040185432,
      "response_time_threshold": "inf"
    },
    "c4": {
      "s2": {
        "h2": {
          "computationallayer3": {
            "EN8": {
              "description": "No description",
              "cost": 7.365546052372024,
              "memory": 491520.0,
              "number": 1
            }
          },
          "response_time": 11.226073760840514
        },
        "h3": {
          "computationallayer3": {
            "EN8": {
              "description": "No description",
              "cost": 7.365546052372024,
              "memory": 491520.0,
              "number": 1
            }
          },
          "response_time": 11.269350757661867
        },
        "h4": {
          "computationallayer3": {
            "EN8": {
              "description": "No description",
              "cost": 7.365546052372024,
              "memory": 491520.0,
              "number": 1
            }
          },
          "response_time": 12.596243531181026
        },
        "h5": {
          "computationallayer3": {
            "EN8": {
              "description": "No description",
              "cost": 7.365546052372024,
              "memory": 491520.0,
              "number": 1
            }
          },
          "response_time": 12.62340563487714
        }
      },
      "response_time": 17.338975707823803,
      "response_time_threshold": "inf"
    },
    "c5": {
      "s2": {
        "h2": {
          "computationallayer3": {
            "EN8": {
              "description": "No description",
              "cost": 7.365546052372024,
              "memory": 491520.0,
              "number": 1
            }
          },
          "response_time": 9.60868104634519
        },
        "h3": {
          "computationallayer1": {
            "Drone1": {
              "description": "No description",
              "cost": 4.296379045595398,
              "memory": 491520.0,
              "number": 1
            }
          },
          "response_time": 1.1949563900693276
        },
        "h4": {
          "computationallayer3": {
            "EN8": {
              "description": "No description",
              "cost": 7.365546052372024,
              "memory": 491520.0,
              "number": 1
            }
          },
          "response_time": 8.343479659653827
        },
        "h5": {
          "computationallayer3": {
            "EN8": {
              "description": "No description",
              "cost": 7.365546052372024,
              "memory": 491520.0,
              "number": 1
            }
          },
          "response_time": 9.820372712037374
        }
      },
      "response_time": 20.264753151798395,
      "response_time_threshold": "inf"
    },
    "c6": {
      "s1": {
        "h1": {
          "computationallayer3": {
            "EN8": {
              "description": "No description",
              "cost": 7.365546052372024,
              "memory": 491520.0,
              "number": 1
            }
          },
          "response_time": 31.275151775699406
        }
      },
      "response_time": 31.275151775699406,
      "response_time_threshold": "inf"
    },
    "c7": {
      "s1": {
        "h1": {
          "computationallayer3": {
            "EN8": {
              "description": "No description",
              "cost": 7.365546052372024,
              "memory": 491520.0,
              "number": 1
            }
          },
          "response_time": 31.42176520375846
        }
      },
      "response_time": 31.42176520375846,
      "response_time_threshold": 96.31803741503496
    },
    "c8": {
      "s1": {
        "h1": {
          "computationallayer3": {
            "EN8": {
              "description": "No description",
              "cost": 7.365546052372024,
              "memory": 491520.0,
              "number": 1
            }
          },
          "response_time": 32.035657614375694
        }
      },
      "response_time": 32.035657614375694,
      "response_time_threshold": "inf"
    },
    "c9": {
      "s2": {
        "h2": {
          "computationallayer3": {
            "EN8": {
              "description": "No description",
              "cost": 7.365546052372024,
              "memory": 491520.0,
              "number": 1
            }
          },
          "response_time": 15.016932097570892
        },
        "h3": {
          "computationallayer3": {
            "EN8": {
              "description": "No description",
              "cost": 7.365546052372024,
              "memory": 491520.0,
              "number": 1
            }
          },
          "response_time": 14.386673374334087
        },
        "h4": {
          "computationallayer3": {
            "EN8": {
              "description": "No description",
              "cost": 7.365546052372024,
              "memory": 491520.0,
              "number": 1
            }
          },
          "response_time": 13.894637701323964
        }
      },
      "response_time": 23.350116162088227,
      "response_time_threshold": 76.0796936889768
    },
    "c10": {
      "s1": {
        "h1": {
          "computationallayer4": {
            "VM2": {
              "description": "No description",
              "cost": 0.4364766764818595,
              "memory": 491520.0,
              "number": 1
            }
          },
          "response_time": 1.2631192477938098
        }
      },
      "response_time": 1.2631192477938098,
      "response_time_threshold": 76.45260756690487
    },
    "c11": {
      "s1": {
        "h1": {
          "computationallayer4": {
            "VM2": {
              "description": "No description",
              "cost": 0.4364766764818595,
              "memory": 491520.0,
              "number": 1
            }
          },
          "response_time": 0.44758900990570233
        }
      },
      "response_time": 0.44758900990570233,
      "response_time_threshold": "inf"
    },
    "c12": {
      "s1": {
        "h1": {
          "computationallayer4": {
            "VM2": {
              "description": "No description",
              "cost": 0.4364766764818595,
              "memory": 491520.0,
              "number": 1
            }
          },
          "response_time": 0.4841531388610529
        }
      },
      "response_time": 0.4841531388610529,
      "response_time_threshold": "inf"
    },