{
  "Lambda": 1.8,
  "components": {
    "c1": {
      "s1": {
        "h1": {
          "computationallayer1": {
            "Drone1": {
              "description": "No description",
              "cost": 4.551324941197953,
              "memory": 327680.0,
              "number": 1
            }
          },
          "response_time": 1.3281572422072883
        }
      },
      "response_time": 1.3281572422072883,
      "response_time_threshold": "inf"
    },
    "c2": {
      "s1": {
        "h1": {
          "computationallayer2": {
            "EN1": {
              "description": "No description",
              "cost": 12.280325984130517,
              "memory": 327680.0,
              "number": 2
            }
          },
          "response_time": 19.90661033344607
        }
      },
      "response_time": 19.90661033344607,
      "response_time_threshold": "inf"
    },
    "c3": {
      "s2": {
        "h2": {
          "computationallayer1": {
            "Drone1": {
              "description": "No description",
              "cost": 4.551324941197953,
              "memory": 327680.0,
              "number": 1
            }
          },
          "response_time": 6.215701712131816
        },
        "h3": {
          "computationallayer1": {
            "Drone1": {
              "description": "No description",
              "cost": 4.551324941197953,
              "memory": 327680.0,
              "number": 1
            }
          },
          "response_time": 5.8555187500583195
        },
        "h4": {
          "computationallayer1": {
            "Drone1": {
              "description": "No description",
              "cost": 4.551324941197953,
              "memory": 327680.0,
              "number": 1
            }
          },
          "response_time": 6.014599505950112
        },
        "h5": {
          "computationallayer2": {
            "EN1": {
              "description": "No description",
              "cost": 12.280325984130517,
              "memory": 327680.0,
              "number": 2
            }
          },
          "response_time": 5.594023840486777
        }
      },
      "response_time": 11.569417482450227,
      "response_time_threshold": 95.33580829688435
    },
    "c4": {
      "s1": {
        "h1": {
          "computationallayer2": {
            "EN1": {
              "description": "No description",
              "cost": 12.280325984130517,
              "memory": 327680.0,
              "number": 2
            }
          },
          "response_time": 15.669004110710624
        }
      },
      "response_time": 15.669004110710624,
      "response_time_threshold": "inf"
    },
    "c5": {
      "s1": {
        "h1": {
          "computationallayer2": {
            "EN1": {
              "description": "No description",
              "cost": 12.280325984130517,
              "memory": 327680.0,
              "number": 2
            }
          },
          "response_time": 13.234638711609664
        }
      },
      "response_time": 13.234638711609664,
      "response_time_threshold": "inf"
    },
    "c6": {
      "s1": {
        "h1": {
          "computationallayer2": {
            "EN1": {
              "description": "No description",
              "cost": 12.280325984130517,
              "memory": 327680.0,
              "number": 2
            }
          },
          "response_time": 13.921830885643308
        }
      },
      "response_time": 13.921830885643308,
      "response_time_threshold": 80.27321923404432
    },
    "c7": {
      "s1": {
        "h1": {
          "computationallayer4": {
            "VM3": {
              "description": "No description",
              "cost": 0.15726592126631567,
              "memory": 327680.0,
              "number": 2
            }
          },
          "response_time": 4.070955582303101
        }
      },
      "response_time": 4.070955582303101,
      "response_time_threshold": "inf"
    },
    "c8": {
      "s1": {
        "h1": {
          "computationallayer4": {
            "VM3": {
              "description": "No description",
              "cost": 0.15726592126631567,
              "memory": 327680.0,
              "number": 2
            }
          },
          "response_time": 9.219492239600742
        }
      },
      "response_time": 9.219492239600742,
      "response_time_threshold": 90.7926123950282
    },
    "c9": {
      "s2": {
        "h2": {
          "computationallayer4": {
            "VM3": {
              "description": "No description",
              "cost": 0.15726592126631567,
              "memory": 327680.0,
              "number": 2
            }
          },
          "response_time": 4.358883862164165
        },
        "h3": {
          "computationallayer4": {
            "VM3": {
              "description": "No description",
              "cost": 0.15726592126631567,
              "memory": 327680.0,
              "number": 2
            }
          },
          "response_time": 4.0803613623683965
        },
        "h4": {
          "computationallayer4": {
            "VM3": {
              "description": "No description",
              "cost": 0.15726592126631567,
              "memory": 327680.0,
              "number": 2
            }
          },
          "response_time": 3.8057276661621406
        },
        "h5": {
          "computationallayer4": {
            "VM3": {
              "description": "No description",
              "cost": 0.15726592126631567,
              "memory": 327680.0,
              "number": 2
            }
          },
          "response_time": 3.7356432244194266
        }
      },
      "response_time": 4.802960368666499,
      "response_time_threshold": "inf"
    },
    "c10": {
      "s1": {
        "h1": {
          "computationallayer4": {
            "VM3": {
              "description": "No description",
              "cost": 0.15726592126631567,
              "memory": 327680.0,
              "number": 2
            }
          },
          "response_time": 12.216575483668946
        }
      },
      "response_time": 12.216575483668946,
      "response_time_threshold": 99.46746873770039
    }
  },
  "global_constraints": {
    "p1": {
      "components": [
        "c4",
        "c5",
        "c6",
        "c9"
      ],
      "global_res_time": 193.05458354636968,
      "path_response_time": 47.63443407663009
    },
    "p2": {
      "components": [
        "c1",
        "c2",
        "c3",
        "c5"
      ],
      "global_res_time": 150.53391120827675,
      "path_response_time": 46.04632376971325
    },
    "p3": {
      "components": [
        "c4",
        "c5"
      ],
      "global_res_time": 150.05910327722313,
      "path_response_time": 28.903642822320286
    },
    "p4": {
      "components": [
        "c2",
        "c3",
        "c4",
        "c5",
        "c6",
        "c7"
      ],
      "global_res_time": 196.10550419540607,
      "path_response_time": 78.383457106163
    }
  },
  "total_cost": "16.988916846594783"
}