{
  "Lambda": 1.8,
  "components": {
    "c1": {
      "s1": {
        "h1": {
          "computationallayer1": {
            "Drone1": {
              "description": "No description",
              "cost": 4.906423269164339,
              "memory": 163840.0,
              "number": 1
            }
          },
          "response_time": 1.3640836372203904
        }
      },
      "response_time": 1.3640836372203904,
      "response_time_threshold": 10.31811142849276
    },
    "c2": {
      "s2": {
        "h2": {
          "computationallayer1": {
            "Drone1": {
              "description": "No description",
              "cost": 4.906423269164339,
              "memory": 163840.0,
              "number": 1
            }
          },
          "response_time": 7.929427659264803
        },
        "h3": {
          "computationallayer1": {
            "Drone1": {
              "description": "No description",
              "cost": 4.906423269164339,
              "memory": 163840.0,
              "number": 1
            }
          },
          "response_time": 8.410901992499067
        },
        "h4": {
          "computationallayer2": {
            "EN2": {
              "description": "No description",
              "cost": 7.482237745826529,
              "memory": 163840.0,
              "number": 1
            }
          },
          "response_time": 3.87596222781745
        }
      },
      "response_time": 14.793892943930558,
      "response_time_threshold": "inf"
    },
    "c3": {
      "s1": {
        "h1": {
          "computationallayer2": {
            "EN2": {
              "description": "No description",
              "cost": 7.482237745826529,
              "memory": 163840.0,
              "number": 1
            }
          },
          "response_time": 10.67543195919467
        }
      },
      "response_time": 10.67543195919467,
      "response_time_threshold": "inf"
    },
    "c4": {
      "s1": {
        "h1": {
          "computationallayer3": {
            "VM1": {
              "description": "No description",
              "cost": 0.5039551438872036,
              "memory": 163840.0,
              "number": 1
            }
          },
          "response_time": 9.46356291244626
        }
      },
      "response_time": 9.46356291244626,
      "response_time_threshold": 12.642162779151136
    },
    "c5": {
      "s2": {
        "h2": {
          "computationallayer3": {
            "VM1": {
              "description": "No description",
              "cost": 0.5039551438872036,
              "memory": 163840.0,
              "number": 1
            }
          },
          "response_time": 1.9075298313423001
        },
        "h3": {
          "computationallayer3": {
            "VM1": {
              "description": "No description",
              "cost": 0.5039551438872036,
              "memory": 163840.0,
              "number": 1
            }
          },
          "response_time": 2.5168180944846683
        },
        "h4": {
          "computationallayer3": {
            "VM1": {
              "description": "No description",
              "cost": 0.5039551438872036,
              "memory": 163840.0,
              "number": 1
            }
          },
          "response_time": 2.4942868021758646
        }
      },
      "response_time": 2.161686046401982,
      "response_time_threshold": 10.04108252519656
    }
  },
  "global_constraints": {
    "p1": {
      "components": [
        "c1",
        "c2",
        "c3",
        "c5"
      ],
      "global_res_time": 29.914249669391204,
      "path_response_time": 29.003094586747597
    },
    "p2": {
      "components": [
        "c2",
        "c3",
        "c4"
      ],
      "global_res_time": 39.10992090094582,
      "path_response_time": 34.93888781557149
    },
    "p3": {
      "components": [
        "c1",
        "c3",
        "c5"
      ],
      "global_res_time": 33.27179625748619,
      "path_response_time": 14.213201642817042
    }
  },
  "total_cost": "12.892616158878072"
}