{
  "Lambda": 1.8,
  "components": {
    "c1": {
      "s1": {
        "h1": {
          "computationallayer1": {
            "Drone1": {
              "description": "No description",
              "cost": 4.151655960613869,
              "memory": 163840.0,
              "number": 1
            }
          },
          "response_time": 0.2855288448126463
        }
      },
      "response_time": 0.2855288448126463,
      "response_time_threshold": 145.54760981770852
    },
    "c2": {
      "s3": {
        "h4": {
          "computationallayer1": {
            "Drone1": {
              "description": "No description",
              "cost": 4.151655960613869,
              "memory": 163840.0,
              "number": 1
            }
          },
          "response_time": 0.701343792425665
        },
        "h5": {
          "computationallayer1": {
            "Drone1": {
              "description": "No description",
              "cost": 4.151655960613869,
              "memory": 163840.0,
              "number": 1
            }
          },
          "response_time": 0.643669127560854
        },
        "h6": {
          "computationallayer2": {
            "EN2": {
              "description": "No description",
              "cost": 7.227618049602732,
              "memory": 163840.0,
              "number": 1
            }
          },
          "response_time": 0.8741484770367594
        },
        "h7": {
          "computationallayer2": {
            "EN2": {
              "description": "No description",
              "cost": 7.227618049602732,
              "memory": 163840.0,
              "number": 1
            }
          },
          "response_time": 0.8445055100015696
        }
      },
      "response_time": 2.012322399469211,
      "response_time_threshold": 114.2356043881436
    },
    "c3": {
      "s3": {
        "h5": {
          "computationallayer2": {
            "EN2": {
              "description": "No description",
              "cost": 7.227618049602732,
              "memory": 163840.0,
              "number": 1
            }
          },
          "response_time": 0.7450246724124998
        },
        "h6": {
          "computationallayer2": {
            "EN2": {
              "description": "No description",
              "cost": 7.227618049602732,
              "memory": 163840.0,
              "number": 1
            }
          },
          "response_time": 0.706445279786326
        },
        "h7": {
          "computationallayer2": {
            "EN2": {
              "description": "No description",
              "cost": 7.227618049602732,
              "memory": 163840.0,
              "number": 1
            }
          },
          "response_time": 0.6678132169501259
        },
        "h8": {
          "computationallayer2": {
            "EN2": {
              "description": "No description",
              "cost": 7.227618049602732,
              "memory": 163840.0,
              "number": 1
            }
          },
          "response_time": 0.7593136053940331
        }
      },
      "response_time": 0.9917549329416171,
      "response_time_threshold": "inf"
    },
    "c4": {
      "s2": {
        "h2": {
          "computationallayer2": {
            "EN2": {
              "description": "No description",
              "cost": 7.227618049602732,
              "memory": 163840.0,
              "number": 1
            }
          },
          "response_time": 0.8586053038394285
        },
        "h3": {
          "computationallayer3": {
            "VM1": {
              "description": "No description",
              "cost": 0.18910711553486437,
              "memory": 163840.0,
              "number": 1
            }
          },
          "response_time": 1.0149535000693675
        },
        "h4": {
          "computationallayer3": {
            "VM1": {
              "description": "No description",
              "cost": 0.18910711553486437,
              "memory": 163840.0,
              "number": 1
            }
          },
          "response_time": 1.0932918720329512
        },
        "h5": {
          "computationallayer3": {
            "VM1": {
              "description": "No description",
              "cost": 0.18910711553486437,
              "memory": 163840.0,
              "number": 1
            }
          },
          "response_time": 0.9363302065201888
        }
      },
      "response_time": 1.7069437743930247,
      "response_time_threshold": "inf"
    },
    "c5": {
      "s1": {
        "h1": {
          "computationallayer3": {
            "VM1": {
              "description": "No description",
              "cost": 0.18910711553486437,
              "memory": 163840.0,
              "number": 1
            }
          },
          "response_time": 1.6345940019159988
        }
      },
      "response_time": 1.6345940019159988,
      "response_time_threshold": 145.66162696859507
    }
  },
  "global_constraints": {
    "p1": {
      "components": [
        "c3",
        "c4",
        "c5"
      ],
      "global_res_time": 391.4355551884237,
      "path_response_time": 4.333292709250641
    },
    "p2": {
      "components": [
        "c1",
        "c2",
        "c3",
        "c4"
      ],
      "global_res_time": 256.2666376342583,
      "path_response_time": 4.996549951616499
    },
    "p3": {
      "components": [
        "c4",
        "c5"
      ],
      "global_res_time": 282.5453182604348,
      "path_response_time": 3.3415377763090235
    }
  },
  "total_cost": "11.568381125751467"
}